Node	node_type	bigg_id	universal_bigg_id	metabolite_name	Super.class	bigg_model_list	database_links
Phenylacetaldehyde	metabolite	pacald_c	pacald	Phenylacetaldehyde	Alcohols & Aldehydes	iAT_PLT_636; iAF1260b; STM_v1_0; RECON1; iY75_1357; iYL1228; iMM1415; iCHOv1_DG44; iEC1349_Crooks; iCHOv1; iNF517; iML1515; iEC1356_Bl21DE3; Recon3D; iEK1008; iECD_1391; iECABU_c1320; iECED1_1282; iEC55989_1330; iECDH1ME8569_1439; iECB_1328; iEcDH1_1363; iECBD_1354; iEcE24377_1341; iECH74115_1262; iEcHS_1320; iECDH10B_1368; iWFL_1372; iSFxv_1172; iSBO_1134; iUMNK88_1353; iJR904; iSbBS512_1146; iSFV_1184; iUTI89_1310; iZ_1308; iUMN146_1321; iSDY_1059; iSSON_1240; iYS1720; iJN1463; iCN718; iEC1368_DH5a; iEC1344_C; iEC1364_W; iEC1372_W3110; iECOK1_1307; iECIAI39_1322; iECP_1309; iECIAI1_1343; iEcolC_1368; iECO103_1326; iECs_1301; iECS88_1305; iECNA114_1301; iECO111_1330; iECO26_1355; iECUMN_1333; iLF82_1304; iS_1188; iECSF_1327; iG2583_1286; iETEC_1333; iECW_1372; iECSP_1301; iNRG857_1313; iECSE_1348; iEKO11_1354; iEcSMS35_1347; iE2348C_1286; iMM904; iAPECO1_1312; iJO1366; iPC815; iSF_1195; iBWG_1329; iND750; iAF1260; iEC042_1314; iNJ661; ic_1306; iB21_1397	Reactome Compound: http://identifiers.org/reactome/R-ALL-500607; KEGG Compound: http://identifiers.org/kegg.compound/C00601; CHEBI: http://identifiers.org/chebi/CHEBI:14778; CHEBI: http://identifiers.org/chebi/CHEBI:16424; CHEBI: http://identifiers.org/chebi/CHEBI:25972; CHEBI: http://identifiers.org/chebi/CHEBI:43163; CHEBI: http://identifiers.org/chebi/CHEBI:8084; InChI Key: https://identifiers.org/inchikey/DTUQWGWMVIHBKE-UHFFFAOYSA-N; Human Metabolome Database: http://identifiers.org/hmdb/HMDB06236; BioCyc: http://identifiers.org/biocyc/META:PHENYLACETALDEHYDE; MetaNetX (MNX) Chemical: http://identifiers.org/metanetx.chemical/MNXM473; SEED Compound: http://identifiers.org/seed.compound/cpd00464
Calcium	metabolite	ca2_c	ca2	Calcium	Inorganic Compounds & Ion	iSbBS512_1146; iEKO11_1354; iNRG857_1313; iG2583_1286; iS_1188; iECUMN_1333; iETEC_1333; iECSF_1327; iEcSMS35_1347; iECW_1372; iLF82_1304; iECSP_1301; iMM1415; iAT_PLT_636; iYO844; iY75_1357; iAF1260b; iAB_RBC_283; iHN637; iCHOv1; iAF987; iAF692; iJN678; STM_v1_0; RECON1; iECs_1301; iECS88_1305; iECO26_1355; iECIAI1_1343; iECP_1309; iECOK1_1307; iECO103_1326; iECSE_1348; iECNA114_1301; iECIAI39_1322; iECO111_1330; iEcolC_1368; iZ_1308; iUMNK88_1353; iUTI89_1310; iSBO_1134; iSFV_1184; iSFxv_1172; iSDY_1059; iUMN146_1321; iYL1228; iSSON_1240; iWFL_1372; iCHOv1_DG44; Recon3D; iML1515; iJB785; iEC1356_Bl21DE3; iEK1008; iYS854; iEC1364_W; iEC1349_Crooks; iAM_Pv461; iYS1720; iAM_Pb448; iIS312_Trypomastigote; iIS312; iEC1344_C; iJN1463; iAM_Pc455; iCN900; iIS312_Epimastigote; iSynCJ816; iEC1368_DH5a; iIS312_Amastigote; iAM_Pf480; iAM_Pk459; iEC1372_W3110; iSF_1195; iAPECO1_1312; ic_1306; iJO1366; iBWG_1329; iAF1260; iNJ661; iEC55989_1330; iEC042_1314; iPC815; iB21_1397; iE2348C_1286; iEcDH1_1363; iECBD_1354; iEcHS_1320; iEcE24377_1341; iECABU_c1320; iECD_1391; iECB_1328; iECDH10B_1368; iECDH1ME8569_1439; iECED1_1282; iECH74115_1262	Reactome Compound: http://identifiers.org/reactome/R-ALL-111875; Reactome Compound: http://identifiers.org/reactome/R-ALL-139827; Reactome Compound: http://identifiers.org/reactome/R-ALL-1606834; Reactome Compound: http://identifiers.org/reactome/R-ALL-167012; Reactome Compound: http://identifiers.org/reactome/R-ALL-2855229; Reactome Compound: http://identifiers.org/reactome/R-ALL-74016; Reactome Compound: http://identifiers.org/reactome/R-ALL-74112; InChI Key: https://identifiers.org/inchikey/BHPQYMZQTOCNFJ-UHFFFAOYSA-N; KEGG Compound: http://identifiers.org/kegg.compound/C00076; CHEBI: http://identifiers.org/chebi/CHEBI:22988; CHEBI: http://identifiers.org/chebi/CHEBI:29108; CHEBI: http://identifiers.org/chebi/CHEBI:3308; CHEBI: http://identifiers.org/chebi/CHEBI:39123; CHEBI: http://identifiers.org/chebi/CHEBI:48760; Human Metabolome Database: http://identifiers.org/hmdb/HMDB00464; BioCyc: http://identifiers.org/biocyc/META:CA+2; MetaNetX (MNX) Chemical: http://identifiers.org/metanetx.chemical/MNXM128; SEED Compound: http://identifiers.org/seed.compound/cpd00063; SEED Compound: http://identifiers.org/seed.compound/cpd29674
Magnesium	metabolite	mg2_e	mg2	Magnesium	Inorganic Compounds & Ion	iEC1349_Crooks; iEC1364_W; iEC1356_Bl21DE3; iLB1027_lipid; iML1515; iJB785; iEK1008; iYS854; iCN718; iEC1344_C; iCN900; iYS1720; iAM_Pv461; iEC1372_W3110; iAM_Pk459; iSynCJ816; iEC1368_DH5a; iAM_Pc455; iJN1463; iAM_Pb448; iAM_Pf480; iECs_1301; iECSE_1348; iECO111_1330; iEcolC_1368; iECO26_1355; iECIAI39_1322; iECIAI1_1343; iECOK1_1307; iECNA114_1301; iECS88_1305; iECP_1309; iECO103_1326; iECED1_1282; iECABU_c1320; iECDH10B_1368; iECBD_1354; iEC55989_1330; iECDH1ME8569_1439; iEcHS_1320; iECB_1328; iEcDH1_1363; iEcE24377_1341; iECD_1391; iECH74115_1262; ic_1306; iEC042_1314; iE2348C_1286; iNJ661; iSB619; iPC815; iB21_1397; iAPECO1_1312; iJO1366; iSF_1195; iBWG_1329; iAF1260; iRC1080; iYO844; iJN678; iAF987; iYL1228; iLJ478; iAF692; iHN637; iY75_1357; iAF1260b; STM_v1_0; iLF82_1304; iECSF_1327; iNRG857_1313; iG2583_1286; iEKO11_1354; iEcSMS35_1347; iECUMN_1333; iS_1188; iECSP_1301; iECW_1372; iETEC_1333; iSFxv_1172; iSbBS512_1146; iSDY_1059; iUMN146_1321; iZ_1308; iSFV_1184; iSSON_1240; iUTI89_1310; iSBO_1134; iUMNK88_1353; iWFL_1372	Reactome Compound: http://identifiers.org/reactome/R-ALL-109496; Reactome Compound: http://identifiers.org/reactome/R-ALL-114632; Reactome Compound: http://identifiers.org/reactome/R-ALL-29926; Reactome Compound: http://identifiers.org/reactome/R-ALL-5336432; KEGG Compound: http://identifiers.org/kegg.compound/C00305; CHEBI: http://identifiers.org/chebi/CHEBI:13379; CHEBI: http://identifiers.org/chebi/CHEBI:18420; CHEBI: http://identifiers.org/chebi/CHEBI:25112; CHEBI: http://identifiers.org/chebi/CHEBI:39127; CHEBI: http://identifiers.org/chebi/CHEBI:49736; CHEBI: http://identifiers.org/chebi/CHEBI:6635; Human Metabolome Database: http://identifiers.org/hmdb/HMDB00547; InChI Key: https://identifiers.org/inchikey/JLVVSXFLKOJNIY-UHFFFAOYSA-N; BioCyc: http://identifiers.org/biocyc/META:MG+2; MetaNetX (MNX) Chemical: http://identifiers.org/metanetx.chemical/MNXM653; SEED Compound: http://identifiers.org/seed.compound/cpd00254
Manganese	metabolite	mn2_e	mn2	Manganese	Inorganic Compounds & Ion	iE2348C_1286; iSF_1195; iBWG_1329; iAF1260; iSB619; ic_1306; iJO1366; iPC815; iEC042_1314; iB21_1397; iAPECO1_1312; iYO844; iHN637; iAF1260b; iJN678; STM_v1_0; iYL1228; iY75_1357; iAF692; iAF987; iSFV_1184; iUMNK88_1353; iSSON_1240; iSFxv_1172; iZ_1308; iUTI89_1310; iSBO_1134; iUMN146_1321; iWFL_1372; iSbBS512_1146; iSDY_1059; iECSF_1327; iECW_1372; iEKO11_1354; iECUMN_1333; iECSP_1301; iNRG857_1313; iETEC_1333; iG2583_1286; iLF82_1304; iEcSMS35_1347; iS_1188; iJB785; iEC1364_W; iNF517; iEC1356_Bl21DE3; iML1515; iYS854; iEC1349_Crooks; iEK1008; iEC1372_W3110; iEC1344_C; iEC1368_DH5a; iYS1720; iJN1463; iCN900; iSynCJ816; iECH74115_1262; iECED1_1282; iECBD_1354; iEcDH1_1363; iEcHS_1320; iECB_1328; iECDH1ME8569_1439; iECDH10B_1368; iECABU_c1320; iEcE24377_1341; iECD_1391; iEC55989_1330; iECOK1_1307; iECIAI1_1343; iECO103_1326; iECS88_1305; iECSE_1348; iECP_1309; iECIAI39_1322; iECNA114_1301; iECO26_1355; iEcolC_1368; iECO111_1330; iECs_1301	Reactome Compound: http://identifiers.org/reactome/R-ALL-1981162; Reactome Compound: http://identifiers.org/reactome/R-ALL-29418; KEGG Compound: http://identifiers.org/kegg.compound/C19610; CHEBI: http://identifiers.org/chebi/CHEBI:21435; CHEBI: http://identifiers.org/chebi/CHEBI:25156; CHEBI: http://identifiers.org/chebi/CHEBI:29035; CHEBI: http://identifiers.org/chebi/CHEBI:49749; Human Metabolome Database: http://identifiers.org/hmdb/HMDB01333; BioCyc: http://identifiers.org/biocyc/META:MN+2; MetaNetX (MNX) Chemical: http://identifiers.org/metanetx.chemical/MNXM2255; InChI Key: https://identifiers.org/inchikey/WAEMQWOKJMHJLA-UHFFFAOYSA-N; SEED Compound: http://identifiers.org/seed.compound/cpd00030; SEED Compound: http://identifiers.org/seed.compound/cpd20863
Co2+	metabolite	cobalt2_e	cobalt2	Co2+	Inorganic Compounds & Ion	iECS88_1305; iECSE_1348; iECO103_1326; iECOK1_1307; iECIAI1_1343; iECNA114_1301; iECIAI39_1322; iECO111_1330; iECO26_1355; iECs_1301; iECP_1309; iEcolC_1368; iEKO11_1354; iS_1188; iLF82_1304; iECW_1372; iEcSMS35_1347; iETEC_1333; iG2583_1286; iECSF_1327; iECSP_1301; iNRG857_1313; iECUMN_1333; iJN678; iAF1260b; iY75_1357; iAF692; STM_v1_0; iAF987; iYO844; iHN637; iAPECO1_1312; iB21_1397; iE2348C_1286; iEC042_1314; iSF_1195; iJO1366; iPC815; iEC55989_1330; ic_1306; iAF1260; iNJ661; iBWG_1329; iJN746; iSB619; iSFV_1184; iZ_1308; iUTI89_1310; iSBO_1134; iYL1228; iSDY_1059; iSbBS512_1146; iSFxv_1172; iSSON_1240; iUMNK88_1353; iWFL_1372; iUMN146_1321; iECED1_1282; iECDH1ME8569_1439; iECD_1391; iEcE24377_1341; iECBD_1354; iEcHS_1320; iECH74115_1262; iECB_1328; iEcDH1_1363; iECDH10B_1368; iECABU_c1320; iEC1349_Crooks; iEC1356_Bl21DE3; iYS854; iEK1008; iEC1364_W; iJB785; iML1515; iAM_Pk459; iSynCJ816; iAM_Pv461; iJN1463; iYS1720; iEC1344_C; iCN900; iEC1368_DH5a; iAM_Pb448; iAM_Pc455; iEC1372_W3110; iAM_Pf480	KEGG Compound: http://identifiers.org/kegg.compound/C00175; CHEBI: http://identifiers.org/chebi/CHEBI:23337; CHEBI: http://identifiers.org/chebi/CHEBI:48827; CHEBI: http://identifiers.org/chebi/CHEBI:48828; Human Metabolome Database: http://identifiers.org/hmdb/HMDB00608; BioCyc: http://identifiers.org/biocyc/META:CO+2; MetaNetX (MNX) Chemical: http://identifiers.org/metanetx.chemical/MNXM90960; InChI Key: https://identifiers.org/inchikey/XLJKHNWPARRRJB-UHFFFAOYSA-N; SEED Compound: http://identifiers.org/seed.compound/cpd00149
Hydrogen	metabolite	h2_p	h2	Hydrogen	Inorganic Compounds & Ion	iUTI89_1310; iSDY_1059; iYL1228; iSFxv_1172; iSFV_1184; iUMNK88_1353; iSbBS512_1146; iWFL_1372; iSBO_1134; iZ_1308; iUMN146_1321; iSSON_1240; iEC55989_1330; iECDH1ME8569_1439; iECH74115_1262; iECD_1391; iECABU_c1320; iEcHS_1320; iECB_1328; iECBD_1354; iEcDH1_1363; iEcE24377_1341; iECED1_1282; iECDH10B_1368; iEC1372_W3110; iSynCJ816; iEC1368_DH5a; iYS1720; iEC1344_C; iEC1364_W; iEC1356_Bl21DE3; iML1515; iEC1349_Crooks; iECIAI39_1322; iECS88_1305; iECP_1309; iEcolC_1368; iECO111_1330; iECOK1_1307; iECNA114_1301; iECO26_1355; iECO103_1326; iECIAI1_1343; iECs_1301; iNRG857_1313; iG2583_1286; iECW_1372; iLF82_1304; iECSE_1348; iS_1188; iECSP_1301; iETEC_1333; iEcSMS35_1347; iECUMN_1333; iEKO11_1354; iECSF_1327; iAPECO1_1312; iAF1260; iB21_1397; iJN746; iSF_1195; iEC042_1314; iE2348C_1286; iJO1366; ic_1306; iBWG_1329; iPC815; iY75_1357; STM_v1_0; iJN678; iAF987; iAF1260b	Reactome Compound: http://identifiers.org/reactome/R-ALL-113555; KEGG Compound: http://identifiers.org/kegg.compound/C00282; CHEBI: http://identifiers.org/chebi/CHEBI:13350; CHEBI: http://identifiers.org/chebi/CHEBI:18276; CHEBI: http://identifiers.org/chebi/CHEBI:25363; CHEBI: http://identifiers.org/chebi/CHEBI:29294; CHEBI: http://identifiers.org/chebi/CHEBI:29298; CHEBI: http://identifiers.org/chebi/CHEBI:29299; CHEBI: http://identifiers.org/chebi/CHEBI:5785; Human Metabolome Database: http://identifiers.org/hmdb/HMDB01362; BioCyc: http://identifiers.org/biocyc/META:HYDROGEN-MOLECULE; MetaNetX (MNX) Chemical: http://identifiers.org/metanetx.chemical/MNXM195; InChI Key: https://identifiers.org/inchikey/UFHFLCQGNIYNRP-UHFFFAOYSA-N; SEED Compound: http://identifiers.org/seed.compound/cpd11640
Hydrogen sulfide	metabolite	h2s_c	h2s	Hydrogen sulfide	Inorganic Compounds & Ion	iIS312; iIS312_Epimastigote; iEC1368_DH5a; iEC1364_W; iEC1372_W3110; iJN1463; iIS312_Trypomastigote; iSynCJ816; iIS312_Amastigote; iYS1720; iCN718; iCN900; iEC1344_C; iECO111_1330; iECO103_1326; iECOK1_1307; iECIAI39_1322; iECIAI1_1343; iECNA114_1301; iECS88_1305; iEcolC_1368; iECP_1309; iECO26_1355; iECs_1301; iML1515; iEC1349_Crooks; iLB1027_lipid; iNF517; iEC1356_Bl21DE3; iEK1008; iYS854; iJB785; iECSE_1348; iLF82_1304; iECSF_1327; iECUMN_1333; iEcSMS35_1347; iS_1188; iNRG857_1313; iEKO11_1354; iECSP_1301; iECW_1372; iETEC_1333; iG2583_1286; STM_v1_0; iYO844; iAF1260b; iY75_1357; iHN637; iLJ478; iJN678; iAF987; iAF692; iJR904; iSSON_1240; iWFL_1372; iSFxv_1172; iSbBS512_1146; iZ_1308; iYL1228; iUMNK88_1353; iUMN146_1321; iSDY_1059; iSFV_1184; iSBO_1134; iUTI89_1310; iE2348C_1286; iAPECO1_1312; iJN746; iJO1366; iNJ661; iEC042_1314; iPC815; ic_1306; iSF_1195; iMM904; iAF1260; iSB619; iB21_1397; iBWG_1329; iND750; iIT341; iECDH10B_1368; iECED1_1282; iECB_1328; iECD_1391; iEcHS_1320; iEcE24377_1341; iECBD_1354; iECDH1ME8569_1439; iEcDH1_1363; iECH74115_1262; iEC55989_1330; iECABU_c1320	Reactome Compound: http://identifiers.org/reactome/R-ALL-1614532; Reactome Compound: http://identifiers.org/reactome/R-ALL-1655881; Reactome Compound: http://identifiers.org/reactome/R-ALL-1663154; KEGG Compound: http://identifiers.org/kegg.compound/C00283; CHEBI: http://identifiers.org/chebi/CHEBI:13356; CHEBI: http://identifiers.org/chebi/CHEBI:14414; CHEBI: http://identifiers.org/chebi/CHEBI:15138; CHEBI: http://identifiers.org/chebi/CHEBI:16136; CHEBI: http://identifiers.org/chebi/CHEBI:24639; CHEBI: http://identifiers.org/chebi/CHEBI:29919; CHEBI: http://identifiers.org/chebi/CHEBI:30488; CHEBI: http://identifiers.org/chebi/CHEBI:43058; CHEBI: http://identifiers.org/chebi/CHEBI:45489; CHEBI: http://identifiers.org/chebi/CHEBI:5787; Human Metabolome Database: http://identifiers.org/hmdb/HMDB00598; Human Metabolome Database: http://identifiers.org/hmdb/HMDB03276; BioCyc: http://identifiers.org/biocyc/META:CPD-7046; BioCyc: http://identifiers.org/biocyc/META:CPD-846; BioCyc: http://identifiers.org/biocyc/META:HS; MetaNetX (MNX) Chemical: http://identifiers.org/metanetx.chemical/MNXM89582; InChI Key: https://identifiers.org/inchikey/RWSOTUBLDIXVET-UHFFFAOYSA-M; SEED Compound: http://identifiers.org/seed.compound/cpd00239; SEED Compound: http://identifiers.org/seed.compound/cpd24697
Inorganic triphosphate	metabolite	pppi_c	pppi	Inorganic triphosphate	Inorganic Compounds & Ion	iLB1027_lipid; iCHOv1; iJB785; Recon3D; iEC1349_Crooks; iNF517; iEC1356_Bl21DE3; iML1515; iYS854; iEK1008; iAM_Pk459; iSynCJ816; iEC1364_W; iAM_Pc455; iCN900; iYS1720; iEC1372_W3110; iEC1368_DH5a; iEC1344_C; iAM_Pf480; iCN718; iAM_Pv461; iJN1463; iAM_Pb448; iNRG857_1313; iLF82_1304; iETEC_1333; iEKO11_1354; iECSP_1301; iECSF_1327; iECSE_1348; iECUMN_1333; iECW_1372; iEcSMS35_1347; iS_1188; iG2583_1286; iEcDH1_1363; iECED1_1282; iECDH10B_1368; iECD_1391; iECABU_c1320; iECH74115_1262; iECDH1ME8569_1439; iECB_1328; iEcE24377_1341; iECBD_1354; iEC55989_1330; iEcHS_1320; iECs_1301; iECNA114_1301; iECOK1_1307; iECIAI1_1343; iECO111_1330; iECS88_1305; iECP_1309; iEcolC_1368; iECO103_1326; iECIAI39_1322; iECO26_1355; iAF987; iLJ478; RECON1; iMM1415; iYO844; STM_v1_0; iY75_1357; iAF692; iAF1260b; iHN637; iJN678; iYL1228; iEC042_1314; iBWG_1329; iPC815; iSB619; iAF1260; iE2348C_1286; iAPECO1_1312; iB21_1397; iNJ661; ic_1306; iJO1366; iSF_1195; iJN746; iSBO_1134; iSSON_1240; iUMN146_1321; iUTI89_1310; iSFxv_1172; iSDY_1059; iSbBS512_1146; iUMNK88_1353; iWFL_1372; iZ_1308; iSFV_1184; iJR904	KEGG Compound: http://identifiers.org/kegg.compound/C00536; CHEBI: http://identifiers.org/chebi/CHEBI:18036; CHEBI: http://identifiers.org/chebi/CHEBI:29203; CHEBI: http://identifiers.org/chebi/CHEBI:39942; CHEBI: http://identifiers.org/chebi/CHEBI:39949; CHEBI: http://identifiers.org/chebi/CHEBI:48313; CHEBI: http://identifiers.org/chebi/CHEBI:48314; CHEBI: http://identifiers.org/chebi/CHEBI:48315; CHEBI: http://identifiers.org/chebi/CHEBI:48316; CHEBI: http://identifiers.org/chebi/CHEBI:5926; CHEBI: http://identifiers.org/chebi/CHEBI:9744; Human Metabolome Database: http://identifiers.org/hmdb/HMDB03379; Human Metabolome Database: http://identifiers.org/hmdb/HMDB12282; BioCyc: http://identifiers.org/biocyc/META:P3I; MetaNetX (MNX) Chemical: http://identifiers.org/metanetx.chemical/MNXM332; InChI Key: https://identifiers.org/inchikey/UNXRWKVEANCORM-UHFFFAOYSA-I; SEED Compound: http://identifiers.org/seed.compound/cpd00421; SEED Compound: http://identifiers.org/seed.compound/cpd11672
Phosphate	metabolite	pi_e	pi	Phosphate	Inorganic Compounds & Ion	iIS312_Epimastigote; iEC1368_DH5a; iIS312; iYS1720; iAM_Pc455; iIS312_Amastigote; iAM_Pk459; iEC1372_W3110; iCN900; iAM_Pb448; iSynCJ816; iEC1344_C; iAM_Pv461; iIS312_Trypomastigote; iJN1463; iCN718; iAM_Pf480; iIT341; iPC815; iNJ661; iSB619; iAPECO1_1312; iJN746; iEC042_1314; iB21_1397; ic_1306; iJO1366; iMM904; iE2348C_1286; iSF_1195; iBWG_1329; iAF1260; iND750; iNRG857_1313; iECUMN_1333; iEKO11_1354; iECSP_1301; iECSF_1327; iS_1188; iECW_1372; iG2583_1286; iETEC_1333; iLF82_1304; iEcSMS35_1347; iECIAI1_1343; iECS88_1305; iECO111_1330; iECO103_1326; iECP_1309; iEcolC_1368; iECSE_1348; iECs_1301; iECO26_1355; iECOK1_1307; iECNA114_1301; iECIAI39_1322; iMM1415; iAB_RBC_283; iYO844; iJN678; STM_v1_0; iY75_1357; iAF987; iAT_PLT_636; iAF692; iYL1228; RECON1; iLJ478; iAF1260b; iRC1080; iHN637; iCHOv1; iLB1027_lipid; iCHOv1_DG44; iML1515; iJB785; iEK1008; iEC1356_Bl21DE3; iEC1349_Crooks; iYS854; Recon3D; iNF517; iEC1364_W; iJR904; iUMNK88_1353; iZ_1308; e_coli_core; iSBO_1134; iUMN146_1321; iSbBS512_1146; iUTI89_1310; iSFV_1184; iSDY_1059; iSSON_1240; iSFxv_1172; iWFL_1372; iECED1_1282; iEcHS_1320; iEC55989_1330; iECH74115_1262; iEcE24377_1341; iEcDH1_1363; iECABU_c1320; iECBD_1354; iECDH1ME8569_1439; iECD_1391; iECDH10B_1368; iECB_1328	Reactome Compound: http://identifiers.org/reactome/R-ALL-109277; Reactome Compound: http://identifiers.org/reactome/R-ALL-113548; Reactome Compound: http://identifiers.org/reactome/R-ALL-113550; Reactome Compound: http://identifiers.org/reactome/R-ALL-113551; Reactome Compound: http://identifiers.org/reactome/R-ALL-29372; Reactome Compound: http://identifiers.org/reactome/R-ALL-5228339; Reactome Compound: http://identifiers.org/reactome/R-ALL-8851226; Reactome Compound: http://identifiers.org/reactome/R-ALL-8851513; KEGG Compound: http://identifiers.org/kegg.compound/C00009; CHEBI: http://identifiers.org/chebi/CHEBI:14791; CHEBI: http://identifiers.org/chebi/CHEBI:18367; CHEBI: http://identifiers.org/chebi/CHEBI:26020; CHEBI: http://identifiers.org/chebi/CHEBI:26078; CHEBI: http://identifiers.org/chebi/CHEBI:29137; CHEBI: http://identifiers.org/chebi/CHEBI:29139; CHEBI: http://identifiers.org/chebi/CHEBI:35780; CHEBI: http://identifiers.org/chebi/CHEBI:39739; CHEBI: http://identifiers.org/chebi/CHEBI:39745; CHEBI: http://identifiers.org/chebi/CHEBI:43470; CHEBI: http://identifiers.org/chebi/CHEBI:43474; CHEBI: http://identifiers.org/chebi/CHEBI:45024; CHEBI: http://identifiers.org/chebi/CHEBI:7793; KEGG Drug: http://identifiers.org/kegg.drug/D05467; Human Metabolome Database: http://identifiers.org/hmdb/HMDB00973; Human Metabolome Database: http://identifiers.org/hmdb/HMDB01429; Human Metabolome Database: http://identifiers.org/hmdb/HMDB02105; Human Metabolome Database: http://identifiers.org/hmdb/HMDB02142; Human Metabolome Database: http://identifiers.org/hmdb/HMDB05947; BioCyc: http://identifiers.org/biocyc/META:CPD-16459; BioCyc: http://identifiers.org/biocyc/META:PHOSPHATE-GROUP; BioCyc: http://identifiers.org/biocyc/META:Pi; MetaNetX (MNX) Chemical: http://identifiers.org/metanetx.chemical/MNXM9; InChI Key: https://identifiers.org/inchikey/NBIIXXVUZAFLBC-UHFFFAOYSA-L; SEED Compound: http://identifiers.org/seed.compound/cpd00009; SEED Compound: http://identifiers.org/seed.compound/cpd27787
Sulfite	metabolite	so3_e	so3	Sulfite	Inorganic Compounds & Ion	iSDY_1059; iUTI89_1310; iWFL_1372; iSBO_1134; iSbBS512_1146; iSFxv_1172; iZ_1308; iUMNK88_1353; iUMN146_1321; iSSON_1240; iSFV_1184; iECD_1391; iEcE24377_1341; iEcDH1_1363; iECB_1328; iECABU_c1320; iECED1_1282; iEC55989_1330; iECBD_1354; iEcHS_1320; iECDH10B_1368; iECH74115_1262; iECDH1ME8569_1439; iEC1368_DH5a; iCN900; iEC1372_W3110; iJN1463; iEC1344_C; iYS1720; iEC1356_Bl21DE3; iML1515; iLB1027_lipid; iEC1349_Crooks; iEC1364_W; Recon3D; iECS88_1305; iECO26_1355; iECIAI39_1322; iECP_1309; iEcolC_1368; iECIAI1_1343; iECO111_1330; iECSE_1348; iECs_1301; iECNA114_1301; iECO103_1326; iECOK1_1307; iECSP_1301; iECUMN_1333; iLF82_1304; iETEC_1333; iECW_1372; iNRG857_1313; iECSF_1327; iEcSMS35_1347; iS_1188; iEKO11_1354; iG2583_1286; iPC815; ic_1306; iE2348C_1286; iMM904; iEC042_1314; iAF1260; iB21_1397; iAPECO1_1312; iBWG_1329; iJO1366; iSF_1195; iRC1080; iAF987; iAF692; iAF1260b; iY75_1357; iYL1228; STM_v1_0	KEGG Compound: http://identifiers.org/kegg.compound/C00094; KEGG Compound: http://identifiers.org/kegg.compound/C11481; CHEBI: http://identifiers.org/chebi/CHEBI:13367; CHEBI: http://identifiers.org/chebi/CHEBI:15139; CHEBI: http://identifiers.org/chebi/CHEBI:17137; CHEBI: http://identifiers.org/chebi/CHEBI:17359; CHEBI: http://identifiers.org/chebi/CHEBI:26837; CHEBI: http://identifiers.org/chebi/CHEBI:29214; CHEBI: http://identifiers.org/chebi/CHEBI:33543; CHEBI: http://identifiers.org/chebi/CHEBI:45548; CHEBI: http://identifiers.org/chebi/CHEBI:48854; CHEBI: http://identifiers.org/chebi/CHEBI:5598; CHEBI: http://identifiers.org/chebi/CHEBI:9344; Human Metabolome Database: http://identifiers.org/hmdb/HMDB00240; Human Metabolome Database: http://identifiers.org/hmdb/HMDB01033; Human Metabolome Database: http://identifiers.org/hmdb/HMDB03008; Human Metabolome Database: http://identifiers.org/hmdb/HMDB34829; InChI Key: https://identifiers.org/inchikey/LSNNMFCWUKXFEE-UHFFFAOYSA-L; BioCyc: http://identifiers.org/biocyc/META:H2SO3; BioCyc: http://identifiers.org/biocyc/META:HSO3; BioCyc: http://identifiers.org/biocyc/META:SO3; MetaNetX (MNX) Chemical: http://identifiers.org/metanetx.chemical/MNXM105630; SEED Compound: http://identifiers.org/seed.compound/cpd00081
Zinc	metabolite	zn2_e	zn2	Zinc	Inorganic Compounds & Ion	iEKO11_1354; iECUMN_1333; iG2583_1286; iETEC_1333; iS_1188; iECW_1372; iNRG857_1313; iECSP_1301; iECSF_1327; iEcSMS35_1347; iLF82_1304; iSDY_1059; iSSON_1240; iUMN146_1321; iUTI89_1310; iSFV_1184; iUMNK88_1353; iWFL_1372; iSBO_1134; iSbBS512_1146; iZ_1308; iSFxv_1172; iYS854; iJB785; iNF517; iEC1364_W; iEC1349_Crooks; iEC1356_Bl21DE3; Recon3D; iML1515; iAF1260b; iAF692; iYO844; iY75_1357; STM_v1_0; iAF987; iYL1228; iHN637; iJN678; iLJ478; iECB_1328; iEcE24377_1341; iEcDH1_1363; iECDH1ME8569_1439; iECD_1391; iECH74115_1262; iECDH10B_1368; iEC55989_1330; iECBD_1354; iECABU_c1320; iECED1_1282; iEcHS_1320; iECS88_1305; iECIAI39_1322; iECO26_1355; iECNA114_1301; iECO111_1330; iEcolC_1368; iECP_1309; iECs_1301; iECSE_1348; iECO103_1326; iECOK1_1307; iECIAI1_1343; iEC1368_DH5a; iJN1463; iEC1372_W3110; iSynCJ816; iYS1720; iEC1344_C; iCN900; iBWG_1329; iAPECO1_1312; iE2348C_1286; iSB619; iPC815; iJO1366; ic_1306; iSF_1195; iEC042_1314; iAF1260; iB21_1397	Reactome Compound: http://identifiers.org/reactome/R-ALL-158417; Reactome Compound: http://identifiers.org/reactome/R-ALL-216667; Reactome Compound: http://identifiers.org/reactome/R-ALL-216785; Reactome Compound: http://identifiers.org/reactome/R-ALL-29426; Reactome Compound: http://identifiers.org/reactome/R-ALL-435350; Reactome Compound: http://identifiers.org/reactome/R-ALL-437093; Reactome Compound: http://identifiers.org/reactome/R-ALL-442320; KEGG Compound: http://identifiers.org/kegg.compound/C00038; CHEBI: http://identifiers.org/chebi/CHEBI:10113; CHEBI: http://identifiers.org/chebi/CHEBI:27368; CHEBI: http://identifiers.org/chebi/CHEBI:29105; CHEBI: http://identifiers.org/chebi/CHEBI:49972; CHEBI: http://identifiers.org/chebi/CHEBI:49982; Human Metabolome Database: http://identifiers.org/hmdb/HMDB01303; BioCyc: http://identifiers.org/biocyc/META:ZN+2; MetaNetX (MNX) Chemical: http://identifiers.org/metanetx.chemical/MNXM149; InChI Key: https://identifiers.org/inchikey/PTFCDOFLOPIGGS-UHFFFAOYSA-N; SEED Compound: http://identifiers.org/seed.compound/cpd00034
Butanoyl-CoA	metabolite	btcoa_c	btcoa	Butanoyl-CoA	Lipids and lips-like molecules	iLJ478; iY75_1357; iRC1080; iAF987; iHN637; STM_v1_0; iAF1260b; iYO844; iCHOv1; iEC1364_W; iEC1349_Crooks; iCHOv1_DG44; Recon3D; iML1515; iEC1356_Bl21DE3; iAPECO1_1312; iB21_1397; iJO1366; iE2348C_1286; iSB619; ic_1306; iEC042_1314; iSF_1195; iPC815; iBWG_1329; iAF1260; iJN746; iECNA114_1301; iECP_1309; iECSE_1348; iECs_1301; iECS88_1305; iECIAI1_1343; iECO103_1326; iEcolC_1368; iECOK1_1307; iECIAI39_1322; iECO111_1330; iECO26_1355; iEC1368_DH5a; iYS1720; iCN900; iEC1344_C; iEC1372_W3110; iCN718; iJN1463; iG2583_1286; iECSP_1301; iEKO11_1354; iECSF_1327; iLF82_1304; iECUMN_1333; iS_1188; iNRG857_1313; iEcSMS35_1347; iECW_1372; iETEC_1333; iEcDH1_1363; iECH74115_1262; iEcE24377_1341; iECDH10B_1368; iEcHS_1320; iECD_1391; iECABU_c1320; iEC55989_1330; iECB_1328; iECDH1ME8569_1439; iECED1_1282; iECBD_1354; iWFL_1372; iSFxv_1172; iUMN146_1321; iZ_1308; iUTI89_1310; iYL1228; iSFV_1184; iUMNK88_1353; iSSON_1240; iSDY_1059; iSbBS512_1146; iJR904; iSBO_1134	Reactome Compound: http://identifiers.org/reactome/R-ALL-77318; KEGG Compound: http://identifiers.org/kegg.compound/C00136; CHEBI: http://identifiers.org/chebi/CHEBI:13926; CHEBI: http://identifiers.org/chebi/CHEBI:15517; CHEBI: http://identifiers.org/chebi/CHEBI:22953; CHEBI: http://identifiers.org/chebi/CHEBI:22973; CHEBI: http://identifiers.org/chebi/CHEBI:3235; CHEBI: http://identifiers.org/chebi/CHEBI:57371; InChI Key: https://identifiers.org/inchikey/CRFNGMNYKDXRTN-CITAKDKDSA-J; Human Metabolome Database: http://identifiers.org/hmdb/HMDB01088; LipidMaps: http://identifiers.org/lipidmaps/LMFA07050292; BioCyc: http://identifiers.org/biocyc/META:BUTYRYL-COA; MetaNetX (MNX) Chemical: http://identifiers.org/metanetx.chemical/MNXM233; SEED Compound: http://identifiers.org/seed.compound/cpd00120
Decanoyl-CoA (n-C10:0CoA)	metabolite	dcacoa_c	dcacoa	Decanoyl-CoA (n-C10:0CoA)	Organic Acids	iWFL_1372; iYL1228; iSFxv_1172; iUMNK88_1353; iUTI89_1310; iSSON_1240; iSDY_1059; iSBO_1134; iZ_1308; iUMN146_1321; iSFV_1184; iSbBS512_1146; iEcolC_1368; iECs_1301; iECP_1309; iECO103_1326; iECS88_1305; iECO26_1355; iECIAI1_1343; iECOK1_1307; iECIAI39_1322; iECSE_1348; iECO111_1330; iECNA114_1301; Recon3D; iYS854; iML1515; iEC1349_Crooks; iEC1364_W; iEC1356_Bl21DE3; iY75_1357; iAT_PLT_636; RECON1; iAF987; iAF1260b; STM_v1_0; iMM1415; iB21_1397; iBWG_1329; iJO1366; iND750; iSF_1195; iEC042_1314; iE2348C_1286; iAF1260; iAPECO1_1312; iMM904; iJN746; iPC815; ic_1306; iSB619; iECED1_1282; iEcHS_1320; iECDH10B_1368; iECDH1ME8569_1439; iECABU_c1320; iECBD_1354; iEC55989_1330; iECD_1391; iECH74115_1262; iECB_1328; iEcDH1_1363; iEcE24377_1341; iAM_Pv461; iYS1720; iEC1372_W3110; iEC1344_C; iAM_Pc455; iEC1368_DH5a; iAM_Pf480; iJN1463; iAM_Pb448; iAM_Pk459; iECW_1372; iS_1188; iNRG857_1313; iEKO11_1354; iETEC_1333; iECSP_1301; iECSF_1327; iG2583_1286; iLF82_1304; iEcSMS35_1347; iECUMN_1333	Human Metabolome Database: http://identifiers.org/hmdb/HMDB06404; MetaNetX (MNX) Chemical: http://identifiers.org/metanetx.chemical/MNXM162283
Glycerol 3-phosphate	metabolite	glyc3p_e	glyc3p	Glycerol 3-phosphate	Lipids and lips-like molecules	Recon3D; iEC1356_Bl21DE3; iEK1008; iEC1349_Crooks; iML1515; iNF517; iEC1364_W; iYS854; iYS1720; iEC1344_C; iCN718; iEC1368_DH5a; iEC1372_W3110; iECO103_1326; iECOK1_1307; iECO111_1330; iECO26_1355; iECS88_1305; iECSE_1348; iECIAI1_1343; iECNA114_1301; iECs_1301; iECIAI39_1322; iECP_1309; iEcolC_1368; iECABU_c1320; iEcE24377_1341; iEcDH1_1363; iECBD_1354; iECDH10B_1368; iEcHS_1320; iECH74115_1262; iECED1_1282; iEC55989_1330; iECB_1328; iECDH1ME8569_1439; iECD_1391; iB21_1397; iBWG_1329; iSB619; iJO1366; iNJ661; iPC815; iE2348C_1286; ic_1306; iAF1260; iSF_1195; iEC042_1314; iAPECO1_1312; iAF1260b; iLJ478; STM_v1_0; iY75_1357; iYO844; iNRG857_1313; iECW_1372; iEKO11_1354; iECUMN_1333; iS_1188; iEcSMS35_1347; iG2583_1286; iECSP_1301; iLF82_1304; iETEC_1333; iECSF_1327; iWFL_1372; iSBO_1134; iJR904; iSSON_1240; iSDY_1059; iUMN146_1321; iZ_1308; iSFV_1184; iSFxv_1172; iYL1228; iUTI89_1310; iSbBS512_1146; iUMNK88_1353	Reactome Compound: http://identifiers.org/reactome/R-ALL-188458; Reactome Compound: http://identifiers.org/reactome/R-ALL-76114; InChI Key: https://identifiers.org/inchikey/AWUCVROLDVIAJX-GSVOUGTGSA-L; KEGG Compound: http://identifiers.org/kegg.compound/C00093; CHEBI: http://identifiers.org/chebi/CHEBI:10648; CHEBI: http://identifiers.org/chebi/CHEBI:12843; CHEBI: http://identifiers.org/chebi/CHEBI:12848; CHEBI: http://identifiers.org/chebi/CHEBI:15978; CHEBI: http://identifiers.org/chebi/CHEBI:26705; CHEBI: http://identifiers.org/chebi/CHEBI:42793; CHEBI: http://identifiers.org/chebi/CHEBI:57597; Human Metabolome Database: http://identifiers.org/hmdb/HMDB00126; Human Metabolome Database: http://identifiers.org/hmdb/HMDB02722; BioCyc: http://identifiers.org/biocyc/META:GLYCEROL-3P; MetaNetX (MNX) Chemical: http://identifiers.org/metanetx.chemical/MNXM66; SEED Compound: http://identifiers.org/seed.compound/cpd00080
Hexanoyl-CoA (n-C6:0CoA)	metabolite	hxcoa_c	hxcoa	Hexanoyl-CoA (n-C6:0CoA)	Lipids and lips-like molecules	iEC1368_DH5a; iYS1720; iEC1344_C; iEC1372_W3110; iJN1463; iECP_1309; iECO111_1330; iECOK1_1307; iECIAI39_1322; iECS88_1305; iECIAI1_1343; iECNA114_1301; iECO26_1355; iEcolC_1368; iECSE_1348; iECO103_1326; iECs_1301; Recon3D; iEC1364_W; iEC1356_Bl21DE3; iEC1349_Crooks; iML1515; iECSF_1327; iEKO11_1354; iETEC_1333; iEcSMS35_1347; iS_1188; iECW_1372; iECSP_1301; iECUMN_1333; iNRG857_1313; iLF82_1304; iG2583_1286; iAF1260b; STM_v1_0; iY75_1357; iAF987; iYO844; iSSON_1240; iUTI89_1310; iSFV_1184; iSDY_1059; iSbBS512_1146; iSBO_1134; iSFxv_1172; iUMN146_1321; iWFL_1372; iYL1228; iUMNK88_1353; iZ_1308; iAPECO1_1312; iJN746; iSB619; iE2348C_1286; iAF1260; iB21_1397; iEC042_1314; iPC815; ic_1306; iSF_1195; iJO1366; iBWG_1329; iECB_1328; iEcHS_1320; iECD_1391; iECBD_1354; iECED1_1282; iEcDH1_1363; iECDH1ME8569_1439; iECDH10B_1368; iECH74115_1262; iECABU_c1320; iEcE24377_1341; iEC55989_1330	MetaNetX (MNX) Chemical: http://identifiers.org/metanetx.chemical/MNXM162502
Isobutyryl-CoA	metabolite	ibcoa_c	ibcoa	Isobutyryl-CoA	Lipids and lips-like molecules	iYO844; iAF692; iAF987; iEK1008; iYS854; iNF517; iCN718; iCN900; iJN1463; iSB619; iJN746	Reactome Compound: http://identifiers.org/reactome/R-ALL-70851; InChI Key: https://identifiers.org/inchikey/AEWHYWSPVRZHCT-NDZSKPAWSA-J; KEGG Compound: http://identifiers.org/kegg.compound/C00630; CHEBI: http://identifiers.org/chebi/CHEBI:11629; CHEBI: http://identifiers.org/chebi/CHEBI:1214; CHEBI: http://identifiers.org/chebi/CHEBI:12754; CHEBI: http://identifiers.org/chebi/CHEBI:15479; CHEBI: http://identifiers.org/chebi/CHEBI:19712; CHEBI: http://identifiers.org/chebi/CHEBI:41634; CHEBI: http://identifiers.org/chebi/CHEBI:57338; Human Metabolome Database: http://identifiers.org/hmdb/HMDB01243; LipidMaps: http://identifiers.org/lipidmaps/LMFA07050331; BioCyc: http://identifiers.org/biocyc/META:ISOBUTYRYL-COA; MetaNetX (MNX) Chemical: http://identifiers.org/metanetx.chemical/MNXM470; SEED Compound: http://identifiers.org/seed.compound/cpd00481
O-Succinylbenzoyl-CoA	metabolite	sbzcoa_c	sbzcoa	O-Succinylbenzoyl-CoA	Lipids and lips-like molecules	iCN900; iCN718; iAM_Pf480; iAM_Pk459; iYS1720; iEC1372_W3110; iEC1364_W; iAM_Pb448; iEC1344_C; iEC1368_DH5a; iAM_Pv461; iSynCJ816; iAM_Pc455; iECO26_1355; iECOK1_1307; iECs_1301; iEcolC_1368; iECS88_1305; iECO103_1326; iECO111_1330; iECIAI39_1322; iECIAI1_1343; iECP_1309; iECNA114_1301; ic_1306; iE2348C_1286; iAPECO1_1312; iAF1260; iIT341; iJO1366; iBWG_1329; iSF_1195; iB21_1397; iPC815; iSB619; iEC042_1314; iNJ661; iECSF_1327; iLF82_1304; iECSE_1348; iEKO11_1354; iG2583_1286; iS_1188; iEcSMS35_1347; iECW_1372; iETEC_1333; iECSP_1301; iNRG857_1313; iECUMN_1333; iAF987; iAF1260b; STM_v1_0; iJN678; iYL1228; iYO844; iY75_1357; iJB785; iEC1356_Bl21DE3; iNF517; iYS854; iEC1349_Crooks; iEK1008; iML1515; iUMN146_1321; iSFV_1184; iZ_1308; iJR904; iSDY_1059; iSbBS512_1146; iSFxv_1172; iWFL_1372; iSSON_1240; iUMNK88_1353; iSBO_1134; iUTI89_1310; iECH74115_1262; iECDH1ME8569_1439; iECB_1328; iECD_1391; iEcE24377_1341; iEC55989_1330; iEcDH1_1363; iEcHS_1320; iECDH10B_1368; iECBD_1354; iECABU_c1320; iECED1_1282	InChI Key: https://identifiers.org/inchikey/AVOVYFCDODUXLY-HSJNEKGZSA-I; KEGG Compound: http://identifiers.org/kegg.compound/C03160; CHEBI: http://identifiers.org/chebi/CHEBI:12700; CHEBI: http://identifiers.org/chebi/CHEBI:1279; CHEBI: http://identifiers.org/chebi/CHEBI:12836; CHEBI: http://identifiers.org/chebi/CHEBI:15509; CHEBI: http://identifiers.org/chebi/CHEBI:19779; CHEBI: http://identifiers.org/chebi/CHEBI:57364; BioCyc: http://identifiers.org/biocyc/META:CPD-6972; MetaNetX (MNX) Chemical: http://identifiers.org/metanetx.chemical/MNXM1132; SEED Compound: http://identifiers.org/seed.compound/cpd02021
Octanoyl-CoA (n-C8:0CoA)	metabolite	occoa_c	occoa	Octanoyl-CoA (n-C8:0CoA)	Lipids and lips-like molecules	iYO844; iY75_1357; STM_v1_0; iAF987; iAT_PLT_636; iAF1260b; iMM1415; RECON1; iYL1228; iEC1356_Bl21DE3; Recon3D; iEC1364_W; iCHOv1_DG44; iML1515; iCHOv1; iEC1349_Crooks; iEK1008; iEcDH1_1363; iEC55989_1330; iECDH10B_1368; iECH74115_1262; iEcHS_1320; iECABU_c1320; iECBD_1354; iECED1_1282; iECD_1391; iECB_1328; iECDH1ME8569_1439; iEcE24377_1341; iSbBS512_1146; iSFV_1184; iSBO_1134; iWFL_1372; iUTI89_1310; iSFxv_1172; iUMN146_1321; iSSON_1240; iZ_1308; iSDY_1059; iUMNK88_1353; iJN1463; iEC1368_DH5a; iAM_Pk459; iYS1720; iEC1344_C; iAM_Pb448; iAM_Pf480; iAM_Pc455; iEC1372_W3110; iAM_Pv461; iECO26_1355; iECNA114_1301; iECS88_1305; iECSE_1348; iEcolC_1368; iECs_1301; iECIAI1_1343; iECO111_1330; iECIAI39_1322; iECO103_1326; iECP_1309; iECOK1_1307; iLF82_1304; iNRG857_1313; iEKO11_1354; iECUMN_1333; iG2583_1286; iECSF_1327; iECSP_1301; iS_1188; iEcSMS35_1347; iETEC_1333; iECW_1372; iAPECO1_1312; iBWG_1329; iAF1260; iSF_1195; iE2348C_1286; iSB619; iEC042_1314; iND750; iMM904; ic_1306; iNJ661; iJN746; iB21_1397; iPC815; iJO1366	Reactome Compound: http://identifiers.org/reactome/R-ALL-390303; Reactome Compound: http://identifiers.org/reactome/R-ALL-77337; KEGG Compound: http://identifiers.org/kegg.compound/C01944; CHEBI: http://identifiers.org/chebi/CHEBI:14681; CHEBI: http://identifiers.org/chebi/CHEBI:15533; CHEBI: http://identifiers.org/chebi/CHEBI:25651; CHEBI: http://identifiers.org/chebi/CHEBI:41542; CHEBI: http://identifiers.org/chebi/CHEBI:57386; CHEBI: http://identifiers.org/chebi/CHEBI:7724; Human Metabolome Database: http://identifiers.org/hmdb/HMDB01070; Human Metabolome Database: http://identifiers.org/hmdb/HMDB06257; InChI Key: https://identifiers.org/inchikey/KQMZYOXOBSXMII-CECATXLMSA-J; LipidMaps: http://identifiers.org/lipidmaps/LMFA07050355; BioCyc: http://identifiers.org/biocyc/META:CPD-196; MetaNetX (MNX) Chemical: http://identifiers.org/metanetx.chemical/MNXM342; SEED Compound: http://identifiers.org/seed.compound/cpd01335
S-Acetyldihydrolipoamide	metabolite	adhlam_c	adhlam	S-Acetyldihydrolipoamide	Lipids and lips-like molecules	iCN718; iSynCJ816; iJN1463; iNJ661; iJN746; iJN678; iYS854; iEK1008	InChI Key: https://identifiers.org/inchikey/ARGXEXVCHMNAQU-UHFFFAOYSA-N; KEGG Compound: http://identifiers.org/kegg.compound/C01136; CHEBI: http://identifiers.org/chebi/CHEBI:12738; CHEBI: http://identifiers.org/chebi/CHEBI:16807; CHEBI: http://identifiers.org/chebi/CHEBI:22029; CHEBI: http://identifiers.org/chebi/CHEBI:8940; Human Metabolome Database: http://identifiers.org/hmdb/HMDB01526; Human Metabolome Database: http://identifiers.org/hmdb/HMDB06951; LipidMaps: http://identifiers.org/lipidmaps/LMFA08010023; BioCyc: http://identifiers.org/biocyc/META:S-ACETYLDIHYDROLIPOAMIDE; MetaNetX (MNX) Chemical: http://identifiers.org/metanetx.chemical/MNXM4815; SEED Compound: http://identifiers.org/seed.compound/cpd00836
Pauljensenia_sp900541895_UMGS402	microbe				Microbe		
S_sp000187445_VTCC12814	microbe				Microbe		
bin1003550	microbe				Microbe		
DAMP C10H12N5O6P	metabolite	damp_c	damp	DAMP C10H12N5O6P	Nucleotides & Nucleosides	iS_1188; iEcSMS35_1347; iECSF_1327; iETEC_1333; iECW_1372; iLF82_1304; iECSP_1301; iECSE_1348; iNRG857_1313; iECUMN_1333; iEKO11_1354; iG2583_1286; iRC1080; iY75_1357; iAF692; iAF987; iYO844; STM_v1_0; RECON1; iHN637; iLJ478; iMM1415; iJN678; iCHOv1; iAF1260b; iECS88_1305; iECOK1_1307; iECP_1309; iECNA114_1301; iECO26_1355; iECO103_1326; iECIAI39_1322; iECIAI1_1343; iECO111_1330; iECs_1301; iEcolC_1368; iUMNK88_1353; iSFxv_1172; iSbBS512_1146; iWFL_1372; iSFV_1184; iZ_1308; iUTI89_1310; iSBO_1134; iSDY_1059; iYL1228; iUMN146_1321; iJR904; iSSON_1240; iEK1008; iML1515; iJB785; iEC1356_Bl21DE3; iCHOv1_DG44; iEC1349_Crooks; iNF517; iLB1027_lipid; iYS854; Recon3D; iIS312_Trypomastigote; iAM_Pb448; iIS312_Epimastigote; iSynCJ816; iAM_Pv461; iJN1463; iAM_Pc455; iEC1368_DH5a; iEC1344_C; iCN718; iAM_Pk459; iIS312; iCN900; iIS312_Amastigote; iAM_Pf480; iEC1372_W3110; iEC1364_W; iYS1720; iEC042_1314; iMM904; iJN746; iIT341; iSF_1195; iAPECO1_1312; iB21_1397; iJO1366; iAF1260; ic_1306; iND750; iPC815; iE2348C_1286; iBWG_1329; iNJ661; iSB619; iECDH10B_1368; iECBD_1354; iEcDH1_1363; iECDH1ME8569_1439; iECABU_c1320; iECED1_1282; iEC55989_1330; iEcE24377_1341; iECD_1391; iECB_1328; iECH74115_1262; iEcHS_1320	Reactome Compound: http://identifiers.org/reactome/R-ALL-109386; Reactome Compound: http://identifiers.org/reactome/R-ALL-500088; KEGG Compound: http://identifiers.org/kegg.compound/C00360; CHEBI: http://identifiers.org/chebi/CHEBI:10490; CHEBI: http://identifiers.org/chebi/CHEBI:14068; CHEBI: http://identifiers.org/chebi/CHEBI:17713; CHEBI: http://identifiers.org/chebi/CHEBI:19236; CHEBI: http://identifiers.org/chebi/CHEBI:40419; CHEBI: http://identifiers.org/chebi/CHEBI:40499; CHEBI: http://identifiers.org/chebi/CHEBI:40505; CHEBI: http://identifiers.org/chebi/CHEBI:40544; CHEBI: http://identifiers.org/chebi/CHEBI:40607; CHEBI: http://identifiers.org/chebi/CHEBI:40614; CHEBI: http://identifiers.org/chebi/CHEBI:41815; CHEBI: http://identifiers.org/chebi/CHEBI:41864; CHEBI: http://identifiers.org/chebi/CHEBI:41870; CHEBI: http://identifiers.org/chebi/CHEBI:58245; Human Metabolome Database: http://identifiers.org/hmdb/HMDB00905; InChI Key: https://identifiers.org/inchikey/KHWCHTKSEGGWEX-RRKCRQDMSA-L; BioCyc: http://identifiers.org/biocyc/META:DAMP; MetaNetX (MNX) Chemical: http://identifiers.org/metanetx.chemical/MNXM432; SEED Compound: http://identifiers.org/seed.compound/cpd00294
DGMP C10H12N5O7P	metabolite	dgmp_c	dgmp	DGMP C10H12N5O7P	Nucleotides & Nucleosides	iE2348C_1286; iAPECO1_1312; iJO1366; iNJ661; iBWG_1329; iMM904; iAF1260; ic_1306; iEC042_1314; iND750; iSF_1195; iSB619; iPC815; iJN746; iB21_1397; iIT341; iEC55989_1330; iEcDH1_1363; iECABU_c1320; iECB_1328; iEcE24377_1341; iECH74115_1262; iECDH1ME8569_1439; iEcHS_1320; iECD_1391; iECBD_1354; iECED1_1282; iECDH10B_1368; iEcSMS35_1347; iECSE_1348; iG2583_1286; iS_1188; iECUMN_1333; iECSF_1327; iECSP_1301; iLF82_1304; iECW_1372; iNRG857_1313; iETEC_1333; iEKO11_1354; iAM_Pk459; iEC1372_W3110; iEC1368_DH5a; iAM_Pc455; iIS312_Trypomastigote; iAM_Pf480; iAM_Pb448; iIS312_Amastigote; iJN1463; iCN900; iEC1344_C; iIS312; iIS312_Epimastigote; iYS1720; iCN718; iEC1364_W; iAM_Pv461; iUMNK88_1353; iSFxv_1172; iJR904; iUMN146_1321; iUTI89_1310; iSDY_1059; iSFV_1184; iSbBS512_1146; iSBO_1134; iYL1228; iWFL_1372; iSSON_1240; iZ_1308; iECO111_1330; iECIAI39_1322; iECNA114_1301; iECO26_1355; iECP_1309; iECS88_1305; iEcolC_1368; iECO103_1326; iECs_1301; iECIAI1_1343; iECOK1_1307; iRC1080; iAF1260b; iHN637; iYO844; iY75_1357; STM_v1_0; iMM1415; iLJ478; RECON1; iCHOv1; iAF987; iLB1027_lipid; iEC1356_Bl21DE3; iYS854; Recon3D; iML1515; iEC1349_Crooks; iNF517; iCHOv1_DG44; iEK1008	Reactome Compound: http://identifiers.org/reactome/R-ALL-500071; KEGG Compound: http://identifiers.org/kegg.compound/C00362; CHEBI: http://identifiers.org/chebi/CHEBI:10496; CHEBI: http://identifiers.org/chebi/CHEBI:14074; CHEBI: http://identifiers.org/chebi/CHEBI:16192; CHEBI: http://identifiers.org/chebi/CHEBI:19246; CHEBI: http://identifiers.org/chebi/CHEBI:41902; CHEBI: http://identifiers.org/chebi/CHEBI:41939; CHEBI: http://identifiers.org/chebi/CHEBI:41944; CHEBI: http://identifiers.org/chebi/CHEBI:42676; CHEBI: http://identifiers.org/chebi/CHEBI:42726; CHEBI: http://identifiers.org/chebi/CHEBI:42733; CHEBI: http://identifiers.org/chebi/CHEBI:45049; CHEBI: http://identifiers.org/chebi/CHEBI:47449; CHEBI: http://identifiers.org/chebi/CHEBI:57673; InChI Key: https://identifiers.org/inchikey/LTFMZDNNPPEQNG-KVQBGUIXSA-L; BioCyc: http://identifiers.org/biocyc/META:DGMP; MetaNetX (MNX) Chemical: http://identifiers.org/metanetx.chemical/MNXM546; SEED Compound: http://identifiers.org/seed.compound/cpd00296
Thymidine C10H14N2O5	metabolite	thymd_c	thymd	Thymidine C10H14N2O5	Nucleotides & Nucleosides	iZ_1308; iSFV_1184; iUMNK88_1353; iJR904; iSbBS512_1146; iSFxv_1172; iSSON_1240; iUMN146_1321; iSDY_1059; iUTI89_1310; iSBO_1134; iWFL_1372; iECBD_1354; iECD_1391; iECABU_c1320; iECH74115_1262; iECB_1328; iECED1_1282; iEC55989_1330; iEcDH1_1363; iEcE24377_1341; iECDH10B_1368; iECDH1ME8569_1439; iAM_Pv461; iIS312_Epimastigote; iEC1344_C; iIS312_Trypomastigote; iIS312_Amastigote; iAM_Pk459; iAM_Pb448; iEC1372_W3110; iIS312; iEC1364_W; iCN718; iCN900; iAM_Pc455; iAM_Pf480; iYS1720; iSynCJ816; iJN1463; iEC1368_DH5a; iNF517; iCHOv1_DG44; iEK1008; iEC1349_Crooks; iLB1027_lipid; iCHOv1; iEC1356_Bl21DE3; iYS854; iML1515; Recon3D; iECSF_1327; iEKO11_1354; iS_1188; iECSE_1348; iECSP_1301; iLF82_1304; iECUMN_1333; iETEC_1333; iG2583_1286; iEcSMS35_1347; iECW_1372; iNRG857_1313; iB21_1397; iND750; iMM904; iSF_1195; iSB619; ic_1306; iIT341; iAPECO1_1312; iJN746; iJO1366; iAF1260; iEC042_1314; iPC815; iE2348C_1286; iNJ661; iBWG_1329; iECO103_1326; iECOK1_1307; iECIAI39_1322; iECO26_1355; iECs_1301; iECNA114_1301; iECO111_1330; iECS88_1305; iECP_1309; iECIAI1_1343; iEcHS_1320; iEcolC_1368; iRC1080; iYL1228; iYO844; iMM1415; iAF1260b; iY75_1357; iLJ478; iAF692; RECON1; iJN678; iAT_PLT_636; STM_v1_0	Reactome Compound: http://identifiers.org/reactome/R-ALL-83928; KEGG Compound: http://identifiers.org/kegg.compound/C00214; CHEBI: http://identifiers.org/chebi/CHEBI:15244; CHEBI: http://identifiers.org/chebi/CHEBI:17748; CHEBI: http://identifiers.org/chebi/CHEBI:19273; CHEBI: http://identifiers.org/chebi/CHEBI:45782; CHEBI: http://identifiers.org/chebi/CHEBI:45834; CHEBI: http://identifiers.org/chebi/CHEBI:45917; CHEBI: http://identifiers.org/chebi/CHEBI:45918; CHEBI: http://identifiers.org/chebi/CHEBI:53527; CHEBI: http://identifiers.org/chebi/CHEBI:9579; Human Metabolome Database: http://identifiers.org/hmdb/HMDB00273; InChI Key: https://identifiers.org/inchikey/IQFYYKKMVGJFEH-XLPZGREQSA-N; BioCyc: http://identifiers.org/biocyc/META:THYMIDINE; MetaNetX (MNX) Chemical: http://identifiers.org/metanetx.chemical/MNXM420; SEED Compound: http://identifiers.org/seed.compound/cpd00184
3-(Imidazol-4-yl)-2-oxopropyl phosphate	metabolite	imacp_c	imacp	3-(Imidazol-4-yl)-2-oxopropyl phosphate	Organic Acids	iECBD_1354; iECDH10B_1368; iECED1_1282; iEcDH1_1363; iEcHS_1320; iECABU_c1320; iECD_1391; iECB_1328; iEC55989_1330; iEcE24377_1341; iECDH1ME8569_1439; iECH74115_1262; iECUMN_1333; iLF82_1304; iG2583_1286; iEcSMS35_1347; iECSP_1301; iNRG857_1313; iECSF_1327; iEKO11_1354; iS_1188; iECSE_1348; iETEC_1333; iECW_1372; iECP_1309; iECO26_1355; iECNA114_1301; iECIAI39_1322; iECs_1301; iECIAI1_1343; iECOK1_1307; iEcolC_1368; iECO111_1330; iECO103_1326; iECS88_1305; iJN1463; iEC1364_W; iCN718; iEC1344_C; iCN900; iYS1720; iEC1368_DH5a; iEC1372_W3110; iSynCJ816; iEC1349_Crooks; iML1515; iEK1008; iNF517; iYS854; iLB1027_lipid; iEC1356_Bl21DE3; iJB785; iBWG_1329; iMM904; iJO1366; iPC815; iE2348C_1286; iAPECO1_1312; iNJ661; ic_1306; iJN746; iB21_1397; iSB619; iSF_1195; iND750; iEC042_1314; iAF1260; iHN637; iYO844; iAF987; iY75_1357; iAF1260b; iLJ478; STM_v1_0; iJN678; iRC1080; iAF692; iJR904; iSSON_1240; iSBO_1134; iSDY_1059; iYL1228; iSFV_1184; iSbBS512_1146; iSFxv_1172; iUTI89_1310; iZ_1308; iUMNK88_1353; iUMN146_1321; iWFL_1372	KEGG Compound: http://identifiers.org/kegg.compound/C01267; CHEBI: http://identifiers.org/chebi/CHEBI:11736; CHEBI: http://identifiers.org/chebi/CHEBI:1437; CHEBI: http://identifiers.org/chebi/CHEBI:16426; CHEBI: http://identifiers.org/chebi/CHEBI:19941; CHEBI: http://identifiers.org/chebi/CHEBI:57766; Human Metabolome Database: http://identifiers.org/hmdb/HMDB12236; BioCyc: http://identifiers.org/biocyc/META:IMIDAZOLE-ACETOL-P; MetaNetX (MNX) Chemical: http://identifiers.org/metanetx.chemical/MNXM1456; InChI Key: https://identifiers.org/inchikey/YCFFMSOLUMRAMD-UHFFFAOYSA-L; SEED Compound: http://identifiers.org/seed.compound/cpd00930
D-Glutamate	metabolite	glu__D_c	glu__D	D-Glutamate	Amino Acids & Derivatives	iECH74115_1262; iECABU_c1320; iEcHS_1320; iECBD_1354; iEcDH1_1363; iEcE24377_1341; iECDH10B_1368; iEC55989_1330; iECDH1ME8569_1439; iECED1_1282; iECB_1328; iECD_1391; iS_1188; iG2583_1286; iETEC_1333; iEKO11_1354; iECSE_1348; iECSP_1301; iECW_1372; iLF82_1304; iECSF_1327; iECUMN_1333; iEcSMS35_1347; iNRG857_1313; iECNA114_1301; iECS88_1305; iECP_1309; iECO103_1326; iECOK1_1307; iECIAI1_1343; iECO26_1355; iECO111_1330; iEcolC_1368; iECIAI39_1322; iECs_1301; iEC1372_W3110; iSynCJ816; iJN1463; iYS1720; iCN900; iEC1364_W; iEC1344_C; iCN718; iEC1368_DH5a; iNF517; iML1515; iJB785; iEC1356_Bl21DE3; iYS854; iEC1349_Crooks; iEK1008; iIT341; iSF_1195; iE2348C_1286; iPC815; iAF1260; iNJ661; iBWG_1329; iEC042_1314; iJN746; ic_1306; iSB619; iJO1366; iAPECO1_1312; iB21_1397; STM_v1_0; iYO844; iHN637; iAF1260b; iY75_1357; iLJ478; iJN678; iAF987; iZ_1308; iSDY_1059; iSSON_1240; iUTI89_1310; iUMNK88_1353; iSBO_1134; iUMN146_1321; iSFxv_1172; iSFV_1184; iWFL_1372; iYL1228; iSbBS512_1146; iJR904	KEGG Compound: http://identifiers.org/kegg.compound/C00217; CHEBI: http://identifiers.org/chebi/CHEBI:12979; CHEBI: http://identifiers.org/chebi/CHEBI:15966; CHEBI: http://identifiers.org/chebi/CHEBI:21022; CHEBI: http://identifiers.org/chebi/CHEBI:21023; CHEBI: http://identifiers.org/chebi/CHEBI:29986; CHEBI: http://identifiers.org/chebi/CHEBI:29989; CHEBI: http://identifiers.org/chebi/CHEBI:4183; Human Metabolome Database: http://identifiers.org/hmdb/HMDB03339; BioCyc: http://identifiers.org/biocyc/META:D-GLT; MetaNetX (MNX) Chemical: http://identifiers.org/metanetx.chemical/MNXM331; InChI Key: https://identifiers.org/inchikey/WHUUTDBJXJRKMK-GSVOUGTGSA-M; SEED Compound: http://identifiers.org/seed.compound/cpd00186
Dodecanoyl-CoA (n-C12:0CoA)	metabolite	ddcacoa_c	ddcacoa	Dodecanoyl-CoA (n-C12:0CoA)	Organic Acids	iNRG857_1313; iEcSMS35_1347; iEKO11_1354; iLF82_1304; iS_1188; iG2583_1286; iECW_1372; iECSP_1301; iECUMN_1333; iETEC_1333; iECSF_1327; iAT_PLT_636; iAF1260b; iY75_1357; iAF987; iMM1415; STM_v1_0; RECON1; iECOK1_1307; iECO103_1326; iECP_1309; iECIAI1_1343; iECNA114_1301; iECO111_1330; iECs_1301; iECS88_1305; iECO26_1355; iEcolC_1368; iECIAI39_1322; iECSE_1348; iZ_1308; iYL1228; iSDY_1059; iSSON_1240; iUMN146_1321; iSFxv_1172; iUMNK88_1353; iSFV_1184; iSbBS512_1146; iUTI89_1310; iSBO_1134; iWFL_1372; Recon3D; iML1515; iEC1364_W; iEC1356_Bl21DE3; iEC1349_Crooks; iAM_Pv461; iAM_Pf480; iYS1720; iAM_Pk459; iEC1368_DH5a; iEC1372_W3110; iAM_Pb448; iJN1463; iAM_Pc455; iEC1344_C; iSF_1195; iMM904; iE2348C_1286; iAF1260; iSB619; iND750; iEC042_1314; iJO1366; ic_1306; iPC815; iAPECO1_1312; iB21_1397; iBWG_1329; iJN746; iECABU_c1320; iECDH1ME8569_1439; iEcDH1_1363; iEcHS_1320; iECED1_1282; iECBD_1354; iEC55989_1330; iECH74115_1262; iECD_1391; iECB_1328; iECDH10B_1368; iEcE24377_1341	Reactome Compound: http://identifiers.org/reactome/R-ALL-77261; KEGG Compound: http://identifiers.org/kegg.compound/C01832; CHEBI: http://identifiers.org/chebi/CHEBI:14188; CHEBI: http://identifiers.org/chebi/CHEBI:14501; CHEBI: http://identifiers.org/chebi/CHEBI:15521; CHEBI: http://identifiers.org/chebi/CHEBI:25014; CHEBI: http://identifiers.org/chebi/CHEBI:41874; CHEBI: http://identifiers.org/chebi/CHEBI:57375; CHEBI: http://identifiers.org/chebi/CHEBI:6392; Human Metabolome Database: http://identifiers.org/hmdb/HMDB03571; LipidMaps: http://identifiers.org/lipidmaps/LMFA07050005; LipidMaps: http://identifiers.org/lipidmaps/LMFA07050340; BioCyc: http://identifiers.org/biocyc/META:LAUROYLCOA-CPD; MetaNetX (MNX) Chemical: http://identifiers.org/metanetx.chemical/MNXM363; InChI Key: https://identifiers.org/inchikey/YMCXGHLSVALICC-GMHMEAMDSA-J; SEED Compound: http://identifiers.org/seed.compound/cpd01260
L-Lactate	metabolite	lac__L_c	lac__L	L-Lactate	Organic Acids	iAM_Pc455; iEC1372_W3110; iEC1368_DH5a; iYS1720; iCN718; iEC1344_C; iJN1463; iCN900; iAM_Pk459; iAM_Pf480; iAM_Pb448; iEC1364_W; iAM_Pv461; iECs_1301; iECOK1_1307; iECO103_1326; iECP_1309; iECO26_1355; iEcolC_1368; iECO111_1330; iECIAI39_1322; iECIAI1_1343; iECNA114_1301; iECS88_1305; iEcHS_1320; iND750; iMM904; iBWG_1329; iJO1366; iNJ661; ic_1306; iE2348C_1286; iB21_1397; iAPECO1_1312; iAF1260; iIT341; iSB619; iSF_1195; iJN746; iEC042_1314; iPC815; iECSP_1301; iECSE_1348; iECW_1372; iEKO11_1354; iECUMN_1333; iG2583_1286; iEcSMS35_1347; iLF82_1304; iECSF_1327; iETEC_1333; iNRG857_1313; iS_1188; iLJ478; iYL1228; iAF692; iY75_1357; iCHOv1; iMM1415; iAB_RBC_283; iAF987; iAF1260b; STM_v1_0; RECON1; iAT_PLT_636; iYO844; iYS854; iCHOv1_DG44; iEK1008; iML1515; Recon3D; iEC1349_Crooks; iEC1356_Bl21DE3; iNF517; iUTI89_1310; iSFxv_1172; iSDY_1059; iWFL_1372; iZ_1308; iUMNK88_1353; iUMN146_1321; iSSON_1240; iSbBS512_1146; iSBO_1134; iSFV_1184; iJR904; iEcE24377_1341; iECABU_c1320; iECB_1328; iEcDH1_1363; iECD_1391; iECDH10B_1368; iECED1_1282; iECH74115_1262; iEC55989_1330; iECDH1ME8569_1439; iECBD_1354	Reactome Compound: http://identifiers.org/reactome/R-ALL-29708; Reactome Compound: http://identifiers.org/reactome/R-ALL-373863; Reactome Compound: http://identifiers.org/reactome/R-ALL-6807616; KEGG Compound: http://identifiers.org/kegg.compound/C00186; CHEBI: http://identifiers.org/chebi/CHEBI:11065; CHEBI: http://identifiers.org/chebi/CHEBI:12411; CHEBI: http://identifiers.org/chebi/CHEBI:16651; CHEBI: http://identifiers.org/chebi/CHEBI:18783; CHEBI: http://identifiers.org/chebi/CHEBI:422; Human Metabolome Database: http://identifiers.org/hmdb/HMDB00190; Human Metabolome Database: http://identifiers.org/hmdb/HMDB03328; Human Metabolome Database: http://identifiers.org/hmdb/HMDB62492; InChI Key: https://identifiers.org/inchikey/JVTAAEKCZFNVCJ-REOHCLBHSA-M; BioCyc: http://identifiers.org/biocyc/META:L-LACTATE; MetaNetX (MNX) Chemical: http://identifiers.org/metanetx.chemical/MNXM179; SEED Compound: http://identifiers.org/seed.compound/cpd00159
L-Lysine	metabolite	lys__L_e	lys__L	L-Lysine	Amino Acids & Derivatives	iYS1720; iCN900; iIS312_Epimastigote; iCN718; iEC1344_C; iSynCJ816; iAM_Pc455; iAM_Pk459; iIS312_Amastigote; iJN1463; iIS312_Trypomastigote; iIS312; iEC1372_W3110; iEC1368_DH5a; iAM_Pf480; iAM_Pb448; iAM_Pv461; ic_1306; iMM904; iJO1366; iAF1260; iIT341; iAPECO1_1312; iPC815; iE2348C_1286; iJN746; iEC042_1314; iBWG_1329; iSB619; iB21_1397; iND750; iNJ661; iSF_1195; iECUMN_1333; iEKO11_1354; iS_1188; iECSF_1327; iG2583_1286; iECW_1372; iETEC_1333; iLF82_1304; iNRG857_1313; iEcSMS35_1347; iECSP_1301; iECO111_1330; iECS88_1305; iECOK1_1307; iECNA114_1301; iECIAI1_1343; iEcolC_1368; iECIAI39_1322; iECSE_1348; iECP_1309; iECs_1301; iECO26_1355; iECO103_1326; iYL1228; RECON1; STM_v1_0; iAF987; iYO844; iJN678; iAT_PLT_636; iY75_1357; iAF1260b; iAF692; iHN637; iMM1415; iEK1008; iYS854; iCHOv1_DG44; Recon3D; iEC1364_W; iNF517; iEC1349_Crooks; iCHOv1; iEC1356_Bl21DE3; iML1515; iUMNK88_1353; iSDY_1059; iUTI89_1310; iZ_1308; iWFL_1372; iSSON_1240; iSbBS512_1146; iUMN146_1321; iSFV_1184; iSFxv_1172; iJR904; iSBO_1134; iECDH1ME8569_1439; iECDH10B_1368; iEC55989_1330; iEcDH1_1363; iEcHS_1320; iECD_1391; iEcE24377_1341; iECABU_c1320; iECED1_1282; iECB_1328; iECBD_1354; iECH74115_1262	Reactome Compound: http://identifiers.org/reactome/R-ALL-29444; Reactome Compound: http://identifiers.org/reactome/R-ALL-351979; Reactome Compound: http://identifiers.org/reactome/R-ALL-351991; KEGG Compound: http://identifiers.org/kegg.compound/C00047; KEGG Compound: http://identifiers.org/kegg.compound/C16440; CHEBI: http://identifiers.org/chebi/CHEBI:13135; CHEBI: http://identifiers.org/chebi/CHEBI:133538; CHEBI: http://identifiers.org/chebi/CHEBI:18019; CHEBI: http://identifiers.org/chebi/CHEBI:21351; CHEBI: http://identifiers.org/chebi/CHEBI:25094; CHEBI: http://identifiers.org/chebi/CHEBI:32550; CHEBI: http://identifiers.org/chebi/CHEBI:32551; CHEBI: http://identifiers.org/chebi/CHEBI:32552; CHEBI: http://identifiers.org/chebi/CHEBI:32563; CHEBI: http://identifiers.org/chebi/CHEBI:32564; CHEBI: http://identifiers.org/chebi/CHEBI:32565; CHEBI: http://identifiers.org/chebi/CHEBI:43950; CHEBI: http://identifiers.org/chebi/CHEBI:6264; KEGG Drug: http://identifiers.org/kegg.drug/D02304; Human Metabolome Database: http://identifiers.org/hmdb/HMDB00182; Human Metabolome Database: http://identifiers.org/hmdb/HMDB03405; Human Metabolome Database: http://identifiers.org/hmdb/HMDB62809; InChI Key: https://identifiers.org/inchikey/KDXKERNSBIXSRK-YFKPBYRVSA-O; BioCyc: http://identifiers.org/biocyc/META:LYS; MetaNetX (MNX) Chemical: http://identifiers.org/metanetx.chemical/MNXM78; SEED Compound: http://identifiers.org/seed.compound/cpd00039; SEED Compound: http://identifiers.org/seed.compound/cpd19182
L-Malate	metabolite	mal__L_e	mal__L	L-Malate	Organic Acids	iSFV_1184; iZ_1308; e_coli_core; iUTI89_1310; iSSON_1240; iUMNK88_1353; iSDY_1059; iSbBS512_1146; iSFxv_1172; iSBO_1134; iWFL_1372; iUMN146_1321; iJR904; iECDH10B_1368; iECB_1328; iECH74115_1262; iEC55989_1330; iECDH1ME8569_1439; iECED1_1282; iECBD_1354; iECD_1391; iECABU_c1320; iEcHS_1320; iEcDH1_1363; iEcE24377_1341; iCN900; iEC1372_W3110; iSynCJ816; iYS1720; iCN718; iEC1344_C; iEC1368_DH5a; iJN1463; iCHOv1_DG44; iCHOv1; iNF517; Recon3D; iEC1356_Bl21DE3; iYS854; iML1515; iEC1349_Crooks; iEC1364_W; iEK1008; iECs_1301; iECNA114_1301; iECP_1309; iEcolC_1368; iECO111_1330; iECO103_1326; iECSE_1348; iECOK1_1307; iECS88_1305; iECIAI39_1322; iECO26_1355; iECIAI1_1343; iNRG857_1313; iECSP_1301; iLF82_1304; iEKO11_1354; iECW_1372; iG2583_1286; iETEC_1333; iS_1188; iECUMN_1333; iECSF_1327; iEcSMS35_1347; iMM904; ic_1306; iJO1366; iND750; iIT341; iSF_1195; iSB619; iEC042_1314; iAF1260; iB21_1397; iPC815; iE2348C_1286; iJN746; iAPECO1_1312; iNJ661; iBWG_1329; iAF1260b; iJN678; iY75_1357; iYL1228; iAB_RBC_283; iYO844; STM_v1_0	Reactome Compound: http://identifiers.org/reactome/R-ALL-113544; Reactome Compound: http://identifiers.org/reactome/R-ALL-198498; InChI Key: https://identifiers.org/inchikey/BJEPYKJPYRNKOW-REOHCLBHSA-L; KEGG Compound: http://identifiers.org/kegg.compound/C00149; CHEBI: http://identifiers.org/chebi/CHEBI:11066; CHEBI: http://identifiers.org/chebi/CHEBI:13140; CHEBI: http://identifiers.org/chebi/CHEBI:15589; CHEBI: http://identifiers.org/chebi/CHEBI:18784; CHEBI: http://identifiers.org/chebi/CHEBI:18785; CHEBI: http://identifiers.org/chebi/CHEBI:30797; CHEBI: http://identifiers.org/chebi/CHEBI:423; Human Metabolome Database: http://identifiers.org/hmdb/HMDB00156; BioCyc: http://identifiers.org/biocyc/META:MAL; MetaNetX (MNX) Chemical: http://identifiers.org/metanetx.chemical/MNXM98; SEED Compound: http://identifiers.org/seed.compound/cpd00130
L-Serine	metabolite	ser__L_e	ser__L	L-Serine	Amino Acids & Derivatives	iECSE_1348; iECP_1309; iECS88_1305; iECs_1301; iECOK1_1307; iECO111_1330; iECIAI39_1322; iECO26_1355; iECIAI1_1343; iECNA114_1301; iECO103_1326; iEcolC_1368; iS_1188; iECSP_1301; iEcSMS35_1347; iECUMN_1333; iEKO11_1354; iLF82_1304; iG2583_1286; iETEC_1333; iECSF_1327; iNRG857_1313; iECW_1372; iYO844; iYL1228; STM_v1_0; RECON1; iAF1260b; iAT_PLT_636; iJN678; iY75_1357; iHN637; iMM1415; iMM904; iNJ661; iB21_1397; iJO1366; ic_1306; iE2348C_1286; iIT341; iAPECO1_1312; iSB619; iND750; iBWG_1329; iJN746; iEC042_1314; iAF1260; iPC815; iSF_1195; iSFxv_1172; iUMNK88_1353; iSbBS512_1146; iSSON_1240; iUMN146_1321; iWFL_1372; iSBO_1134; iZ_1308; iUTI89_1310; iSFV_1184; iSDY_1059; iJR904; iECH74115_1262; iEcHS_1320; iECED1_1282; iEC55989_1330; iECBD_1354; iECABU_c1320; iEcDH1_1363; iEcE24377_1341; iECDH10B_1368; iECDH1ME8569_1439; iECB_1328; iECD_1391; iEK1008; Recon3D; iNF517; iEC1364_W; iEC1349_Crooks; iEC1356_Bl21DE3; iYS854; iML1515; iCHOv1; iCHOv1_DG44; iIS312_Amastigote; iAM_Pb448; iCN900; iIS312_Trypomastigote; iAM_Pk459; iYS1720; iAM_Pf480; iSynCJ816; iIS312; iIS312_Epimastigote; iEC1372_W3110; iEC1368_DH5a; iJN1463; iAM_Pv461; iEC1344_C; iCN718; iAM_Pc455	Reactome Compound: http://identifiers.org/reactome/R-ALL-200736; Reactome Compound: http://identifiers.org/reactome/R-ALL-352002; Reactome Compound: http://identifiers.org/reactome/R-ALL-379732; Reactome Compound: http://identifiers.org/reactome/R-ALL-8932979; KEGG Compound: http://identifiers.org/kegg.compound/C00065; KEGG Compound: http://identifiers.org/kegg.compound/C00716; CHEBI: http://identifiers.org/chebi/CHEBI:13167; CHEBI: http://identifiers.org/chebi/CHEBI:15081; CHEBI: http://identifiers.org/chebi/CHEBI:17115; CHEBI: http://identifiers.org/chebi/CHEBI:17822; CHEBI: http://identifiers.org/chebi/CHEBI:21387; CHEBI: http://identifiers.org/chebi/CHEBI:26648; CHEBI: http://identifiers.org/chebi/CHEBI:32836; CHEBI: http://identifiers.org/chebi/CHEBI:32837; CHEBI: http://identifiers.org/chebi/CHEBI:32845; CHEBI: http://identifiers.org/chebi/CHEBI:32846; CHEBI: http://identifiers.org/chebi/CHEBI:33384; CHEBI: http://identifiers.org/chebi/CHEBI:35243; CHEBI: http://identifiers.org/chebi/CHEBI:45440; CHEBI: http://identifiers.org/chebi/CHEBI:45451; CHEBI: http://identifiers.org/chebi/CHEBI:45590; CHEBI: http://identifiers.org/chebi/CHEBI:45597; CHEBI: http://identifiers.org/chebi/CHEBI:45677; CHEBI: http://identifiers.org/chebi/CHEBI:6301; CHEBI: http://identifiers.org/chebi/CHEBI:9116; KEGG Drug: http://identifiers.org/kegg.drug/D00016; Human Metabolome Database: http://identifiers.org/hmdb/HMDB00187; Human Metabolome Database: http://identifiers.org/hmdb/HMDB00589; Human Metabolome Database: http://identifiers.org/hmdb/HMDB62263; LipidMaps: http://identifiers.org/lipidmaps/LMFA01100045; BioCyc: http://identifiers.org/biocyc/META:SER; BioCyc: http://identifiers.org/biocyc/META:Serines; MetaNetX (MNX) Chemical: http://identifiers.org/metanetx.chemical/MNXM53; InChI Key: https://identifiers.org/inchikey/MTCFGRXMJLQNBG-REOHCLBHSA-N; SEED Compound: http://identifiers.org/seed.compound/cpd00054; SEED Compound: http://identifiers.org/seed.compound/cpd28171; SEED Compound: http://identifiers.org/seed.compound/cpd30743
O-Succinyl-L-homoserine	metabolite	suchms_c	suchms	O-Succinyl-L-homoserine	Amino Acids & Derivatives	iSB619; iND750; iMM904; iPC815; ic_1306; iSF_1195; iJN746; iBWG_1329; iAF1260; iJO1366; iB21_1397; iEC042_1314; iE2348C_1286; iAPECO1_1312; iNJ661; iIT341; iUTI89_1310; iSSON_1240; iUMNK88_1353; iZ_1308; iSFxv_1172; iSbBS512_1146; iUMN146_1321; iWFL_1372; iSFV_1184; iJR904; iSBO_1134; iSDY_1059; iML1515; iNF517; iEC1356_Bl21DE3; iEK1008; iEC1349_Crooks; iAF1260b; iY75_1357; STM_v1_0; iYO844; iHN637; iYL1228; iLJ478; iRC1080; iECABU_c1320; iEC55989_1330; iECBD_1354; iEcHS_1320; iEcE24377_1341; iECD_1391; iECDH1ME8569_1439; iECB_1328; iECED1_1282; iECH74115_1262; iEcDH1_1363; iECDH10B_1368; iECSE_1348; iNRG857_1313; iECSF_1327; iETEC_1333; iG2583_1286; iECSP_1301; iEKO11_1354; iECW_1372; iECUMN_1333; iS_1188; iLF82_1304; iEcSMS35_1347; iEC1344_C; iEC1368_DH5a; iCN718; iCN900; iEC1372_W3110; iYS1720; iEC1364_W; iJN1463; iECIAI1_1343; iECIAI39_1322; iECOK1_1307; iECO103_1326; iECNA114_1301; iECO26_1355; iECS88_1305; iECP_1309; iECO111_1330; iECs_1301; iEcolC_1368	KEGG Compound: http://identifiers.org/kegg.compound/C01118; CHEBI: http://identifiers.org/chebi/CHEBI:12699; CHEBI: http://identifiers.org/chebi/CHEBI:12723; CHEBI: http://identifiers.org/chebi/CHEBI:16160; CHEBI: http://identifiers.org/chebi/CHEBI:21975; CHEBI: http://identifiers.org/chebi/CHEBI:57661; CHEBI: http://identifiers.org/chebi/CHEBI:7704; InChI Key: https://identifiers.org/inchikey/GNISQJGXJIDKDJ-YFKPBYRVSA-M; BioCyc: http://identifiers.org/biocyc/META:O-SUCCINYL-L-HOMOSERINE; MetaNetX (MNX) Chemical: http://identifiers.org/metanetx.chemical/MNXM820; SEED Compound: http://identifiers.org/seed.compound/cpd00822
Ornithine	metabolite	orn_e	orn	Ornithine	Amino Acids & Derivatives	iEC1364_W; iCHOv1; iEC1349_Crooks; Recon3D; iYS854; iEK1008; iEC1356_Bl21DE3; iML1515; iCHOv1_DG44; iAM_Pv461; iEC1372_W3110; iEC1344_C; iCN718; iAM_Pf480; iAM_Pc455; iAM_Pb448; iJN1463; iEC1368_DH5a; iYS1720; iAM_Pk459; iEcolC_1368; iECIAI39_1322; iECO26_1355; iECOK1_1307; iECS88_1305; iECO111_1330; iECSE_1348; iECO103_1326; iECs_1301; iECP_1309; iECIAI1_1343; iECNA114_1301; iEcHS_1320; iECABU_c1320; iECED1_1282; iEC55989_1330; iECD_1391; iECDH1ME8569_1439; iECDH10B_1368; iEcE24377_1341; iECH74115_1262; iECBD_1354; iECB_1328; iEcDH1_1363; iMM904; iIT341; iAF1260; iSB619; iJO1366; iEC042_1314; iSF_1195; ic_1306; iBWG_1329; iND750; iJN746; iB21_1397; iE2348C_1286; iPC815; iNJ661; iAPECO1_1312; iRC1080; iMM1415; iYL1228; iAF1260b; RECON1; iAT_PLT_636; STM_v1_0; iY75_1357; iLF82_1304; iECSP_1301; iECW_1372; iNRG857_1313; iEcSMS35_1347; iETEC_1333; iG2583_1286; iECSF_1327; iS_1188; iEKO11_1354; iECUMN_1333; iSFV_1184; iJR904; iUMNK88_1353; iSBO_1134; iSFxv_1172; iWFL_1372; iZ_1308; iSDY_1059; iSSON_1240; iSbBS512_1146; iUTI89_1310; iUMN146_1321	Reactome Compound: http://identifiers.org/reactome/R-ALL-113585; Reactome Compound: http://identifiers.org/reactome/R-ALL-113586; Reactome Compound: http://identifiers.org/reactome/R-ALL-29498; InChI Key: https://identifiers.org/inchikey/AHLPHDHHMVZTML-BYPYZUCNSA-O; KEGG Compound: http://identifiers.org/kegg.compound/C00077; KEGG Compound: http://identifiers.org/kegg.compound/C01602; CHEBI: http://identifiers.org/chebi/CHEBI:11448; CHEBI: http://identifiers.org/chebi/CHEBI:13148; CHEBI: http://identifiers.org/chebi/CHEBI:15729; CHEBI: http://identifiers.org/chebi/CHEBI:18257; CHEBI: http://identifiers.org/chebi/CHEBI:19370; CHEBI: http://identifiers.org/chebi/CHEBI:21367; CHEBI: http://identifiers.org/chebi/CHEBI:32964; CHEBI: http://identifiers.org/chebi/CHEBI:44667; CHEBI: http://identifiers.org/chebi/CHEBI:46911; CHEBI: http://identifiers.org/chebi/CHEBI:46912; CHEBI: http://identifiers.org/chebi/CHEBI:46913; CHEBI: http://identifiers.org/chebi/CHEBI:46914; CHEBI: http://identifiers.org/chebi/CHEBI:6280; CHEBI: http://identifiers.org/chebi/CHEBI:7784; KEGG Drug: http://identifiers.org/kegg.drug/D08302; Human Metabolome Database: http://identifiers.org/hmdb/HMDB00214; Human Metabolome Database: http://identifiers.org/hmdb/HMDB00818; Human Metabolome Database: http://identifiers.org/hmdb/HMDB04984; Human Metabolome Database: http://identifiers.org/hmdb/HMDB32455; Human Metabolome Database: http://identifiers.org/hmdb/HMDB62654; Human Metabolome Database: http://identifiers.org/hmdb/HMDB62718; LipidMaps: http://identifiers.org/lipidmaps/LMFA01100057; BioCyc: http://identifiers.org/biocyc/META:L-ORNITHINE; MetaNetX (MNX) Chemical: http://identifiers.org/metanetx.chemical/MNXM89689; SEED Compound: http://identifiers.org/seed.compound/cpd00064; SEED Compound: http://identifiers.org/seed.compound/cpd19016
Putrescine	metabolite	ptrc_p	ptrc	Putrescine	Amino Acids & Derivatives	iEcDH1_1363; iECD_1391; iECBD_1354; iECDH10B_1368; iEC55989_1330; iEcE24377_1341; iECABU_c1320; iECB_1328; iECDH1ME8569_1439; iECH74115_1262; iECED1_1282; iECS88_1305; iEcolC_1368; iECIAI39_1322; iECO103_1326; iECP_1309; iECs_1301; iECNA114_1301; iECO26_1355; iECO111_1330; iECOK1_1307; iEcHS_1320; iECIAI1_1343; iJN746; iAF1260; iE2348C_1286; iBWG_1329; ic_1306; iAPECO1_1312; iJO1366; iSF_1195; iEC042_1314; iB21_1397; iPC815; iSynCJ816; iEC1364_W; iEC1368_DH5a; iEC1372_W3110; iEC1344_C; iJN1463; iYS1720; iWFL_1372; iSDY_1059; iZ_1308; iUMNK88_1353; iUTI89_1310; iSFxv_1172; iUMN146_1321; iSFV_1184; iSBO_1134; iSSON_1240; iSbBS512_1146; iJB785; iEC1356_Bl21DE3; iEC1349_Crooks; iML1515; iYL1228; STM_v1_0; iJN678; iY75_1357; iAF1260b; iS_1188; iECSP_1301; iLF82_1304; iNRG857_1313; iEKO11_1354; iECSF_1327; iECW_1372; iETEC_1333; iG2583_1286; iEcSMS35_1347; iECSE_1348; iECUMN_1333	Reactome Compound: http://identifiers.org/reactome/R-ALL-141350; Reactome Compound: http://identifiers.org/reactome/R-ALL-29610; KEGG Compound: http://identifiers.org/kegg.compound/C00134; CHEBI: http://identifiers.org/chebi/CHEBI:14972; CHEBI: http://identifiers.org/chebi/CHEBI:17148; CHEBI: http://identifiers.org/chebi/CHEBI:26405; CHEBI: http://identifiers.org/chebi/CHEBI:326268; CHEBI: http://identifiers.org/chebi/CHEBI:45092; CHEBI: http://identifiers.org/chebi/CHEBI:8650; Human Metabolome Database: http://identifiers.org/hmdb/HMDB01414; Human Metabolome Database: http://identifiers.org/hmdb/HMDB60243; InChI Key: https://identifiers.org/inchikey/KIDHWZJUCRJVML-UHFFFAOYSA-P; BioCyc: http://identifiers.org/biocyc/META:PUTRESCINE; MetaNetX (MNX) Chemical: http://identifiers.org/metanetx.chemical/MNXM118; SEED Compound: http://identifiers.org/seed.compound/cpd00118; SEED Compound: http://identifiers.org/seed.compound/cpd12215
Alpha D-glucose	metabolite	glc__aD_c	glc__aD	Alpha D-glucose	Carbohydrates & Sugar Derivatives	iLJ478; iCN900	Reactome Compound: http://identifiers.org/reactome/R-ALL-113780; Reactome Compound: http://identifiers.org/reactome/R-ALL-1605745; Reactome Compound: http://identifiers.org/reactome/R-ALL-70113; Reactome Compound: http://identifiers.org/reactome/R-ALL-70115; Reactome Compound: http://identifiers.org/reactome/R-ALL-964746; KEGG Compound: http://identifiers.org/kegg.compound/C00267; CHEBI: http://identifiers.org/chebi/CHEBI:10242; CHEBI: http://identifiers.org/chebi/CHEBI:12318; CHEBI: http://identifiers.org/chebi/CHEBI:17925; CHEBI: http://identifiers.org/chebi/CHEBI:22386; CHEBI: http://identifiers.org/chebi/CHEBI:37625; CHEBI: http://identifiers.org/chebi/CHEBI:40557; CHEBI: http://identifiers.org/chebi/CHEBI:42756; CHEBI: http://identifiers.org/chebi/CHEBI:42758; CHEBI: http://identifiers.org/chebi/CHEBI:42802; Human Metabolome Database: http://identifiers.org/hmdb/HMDB03345; BioCyc: http://identifiers.org/biocyc/META:ALPHA-GLUCOSE; BioCyc: http://identifiers.org/biocyc/META:CPD-15374; BioCyc: http://identifiers.org/biocyc/META:D-Glucose; MetaNetX (MNX) Chemical: http://identifiers.org/metanetx.chemical/MNXM99; InChI Key: https://identifiers.org/inchikey/WQZGKKKJIJFFOK-DVKNGEFBSA-N; SEED Compound: http://identifiers.org/seed.compound/cpd19001
Alpha-D-Ribose 5-phosphate	metabolite	r5p_c	r5p	Alpha-D-Ribose 5-phosphate	Carbohydrates & Sugar Derivatives	iECs_1301; iECIAI39_1322; iECP_1309; iECO103_1326; iECNA114_1301; iEcolC_1368; iECO111_1330; iECOK1_1307; iECIAI1_1343; iECO26_1355; iECS88_1305; iMM1415; iAF987; iLJ478; iY75_1357; iRC1080; RECON1; iYL1228; iAF1260b; iAT_PLT_636; iHN637; iAB_RBC_283; iAF692; STM_v1_0; iYO844; iJN678; iJR904; iSFV_1184; iSFxv_1172; iSDY_1059; iUMN146_1321; iUTI89_1310; e_coli_core; iUMNK88_1353; iZ_1308; iSSON_1240; iWFL_1372; iSBO_1134; iSbBS512_1146; iE2348C_1286; iAF1260; iJN746; iEC042_1314; iSB619; ic_1306; iNJ661; iB21_1397; iAPECO1_1312; iND750; iIT341; iSF_1195; iJO1366; iBWG_1329; iMM904; iPC815; iYS854; iEC1364_W; iLB1027_lipid; iEC1356_Bl21DE3; iCHOv1; iCHOv1_DG44; iEC1349_Crooks; iNF517; iJB785; Recon3D; iML1515; iEK1008; iAM_Pk459; iEC1368_DH5a; iCN900; iAM_Pv461; iEC1372_W3110; iAM_Pf480; iJN1463; iSynCJ816; iYS1720; iIS312_Epimastigote; iAM_Pb448; iIS312_Amastigote; iCN718; iAM_Pc455; iIS312_Trypomastigote; iIS312; iEC1344_C; iECB_1328; iECBD_1354; iECED1_1282; iEcDH1_1363; iECDH1ME8569_1439; iEcE24377_1341; iECH74115_1262; iEC55989_1330; iEcHS_1320; iECABU_c1320; iECD_1391; iECDH10B_1368; iEKO11_1354; iEcSMS35_1347; iS_1188; iECSF_1327; iECSP_1301; iECW_1372; iNRG857_1313; iETEC_1333; iECUMN_1333; iG2583_1286; iLF82_1304; iECSE_1348	KEGG Compound: http://identifiers.org/kegg.compound/C03736; CHEBI: http://identifiers.org/chebi/CHEBI:10270; CHEBI: http://identifiers.org/chebi/CHEBI:12331; CHEBI: http://identifiers.org/chebi/CHEBI:18189; CHEBI: http://identifiers.org/chebi/CHEBI:22413; InChI Key: https://identifiers.org/inchikey/KTVPXOYAKDPRHY-AIHAYLRMSA-L; BioCyc: http://identifiers.org/biocyc/META:CPD-15318; MetaNetX (MNX) Chemical: http://identifiers.org/metanetx.chemical/MNXM15900; SEED Compound: http://identifiers.org/seed.compound/cpd19028
D-Glucose	metabolite	glc__D_e	glc__D	D-Glucose	Carbohydrates & Sugar Derivatives	iS_1188; iECW_1372; iLF82_1304; iETEC_1333; iNRG857_1313; iG2583_1286; iECSF_1327; iECUMN_1333; iEcSMS35_1347; iEKO11_1354; iECSP_1301; iSBO_1134; iUTI89_1310; e_coli_core; iJR904; iSbBS512_1146; iUMNK88_1353; iSDY_1059; iZ_1308; iSSON_1240; iWFL_1372; iSFV_1184; iUMN146_1321; iSFxv_1172; iYL1228; Recon3D; iNF517; iEC1356_Bl21DE3; iEK1008; iYS854; iLB1027_lipid; iEC1364_W; iCHOv1_DG44; iEC1349_Crooks; iML1515; RECON1; iAB_RBC_283; iCHOv1; iY75_1357; iLJ478; STM_v1_0; iAT_PLT_636; iJN678; iYO844; iMM1415; iAF1260b; iHN637; iECDH1ME8569_1439; iECB_1328; iEcDH1_1363; iECH74115_1262; iEcHS_1320; iEcE24377_1341; iEC55989_1330; iECDH10B_1368; iECBD_1354; iECD_1391; iECABU_c1320; iECED1_1282; iECIAI39_1322; iECS88_1305; iECOK1_1307; iEcolC_1368; iECP_1309; iECs_1301; iECNA114_1301; iECO103_1326; iECIAI1_1343; iECO26_1355; iECSE_1348; iECO111_1330; iAM_Pf480; iAM_Pv461; iSynCJ816; iAM_Pb448; iAM_Pk459; iEC1372_W3110; iJN1463; iYS1720; iCN900; iCN718; iEC1344_C; iAM_Pc455; iEC1368_DH5a; ic_1306; iSF_1195; iND750; iJO1366; iMM904; iSB619; iB21_1397; iNJ661; iIT341; iBWG_1329; iPC815; iAPECO1_1312; iAF1260; iEC042_1314; iJN746; iE2348C_1286	KEGG Compound: http://identifiers.org/kegg.compound/C00031; CHEBI: http://identifiers.org/chebi/CHEBI:12965; CHEBI: http://identifiers.org/chebi/CHEBI:17634; CHEBI: http://identifiers.org/chebi/CHEBI:20999; CHEBI: http://identifiers.org/chebi/CHEBI:4167; KEGG Drug: http://identifiers.org/kegg.drug/D00009; Human Metabolome Database: http://identifiers.org/hmdb/HMDB00122; Human Metabolome Database: http://identifiers.org/hmdb/HMDB06564; BioCyc: http://identifiers.org/biocyc/META:Glucopyranose; MetaNetX (MNX) Chemical: http://identifiers.org/metanetx.chemical/MNXM41; InChI Key: https://identifiers.org/inchikey/WQZGKKKJIJFFOK-GASJEMHNSA-N; SEED Compound: http://identifiers.org/seed.compound/cpd00027; SEED Compound: http://identifiers.org/seed.compound/cpd26821
D-Glyceraldehyde	metabolite	glyald_c	glyald	D-Glyceraldehyde	Carbohydrates & Sugar Derivatives	iJR904; iSbBS512_1146; iUMNK88_1353; iSFV_1184; iYL1228; iWFL_1372; iSFxv_1172; iUTI89_1310; iZ_1308; iUMN146_1321; iSBO_1134; iSSON_1240; iSDY_1059; iCN900; iCN718; iEC1344_C; iJN1463; iEC1372_W3110; iYS1720; iEC1364_W; iEC1368_DH5a; iIS312_Trypomastigote; iIS312_Amastigote; iIS312; iSynCJ816; iIS312_Epimastigote; iG2583_1286; iNRG857_1313; iECW_1372; iECSP_1301; iECUMN_1333; iEKO11_1354; iS_1188; iECSF_1327; iLF82_1304; iEcSMS35_1347; iECSE_1348; iETEC_1333; iECB_1328; iECED1_1282; iEcE24377_1341; iECH74115_1262; iEC55989_1330; iECDH1ME8569_1439; iECBD_1354; iECABU_c1320; iEcHS_1320; iECDH10B_1368; iEcDH1_1363; iECD_1391; iECO111_1330; iECP_1309; iECNA114_1301; iECs_1301; iECO26_1355; iECIAI1_1343; iECO103_1326; iECOK1_1307; iECS88_1305; iEcolC_1368; iECIAI39_1322; iRC1080; iYO844; iAF692; iY75_1357; iAF987; iCHOv1; iLJ478; iAT_PLT_636; RECON1; iJN678; iAF1260b; STM_v1_0; iMM1415; iYS854; iJB785; iML1515; iEC1349_Crooks; iCHOv1_DG44; iEK1008; Recon3D; iNF517; iEC1356_Bl21DE3; ic_1306; iAF1260; iIT341; iAPECO1_1312; iBWG_1329; iSF_1195; iMM904; iB21_1397; iEC042_1314; iJN746; iND750; iSB619; iPC815; iE2348C_1286; iJO1366	Reactome Compound: http://identifiers.org/reactome/R-ALL-30393; KEGG Compound: http://identifiers.org/kegg.compound/C00577; CHEBI: http://identifiers.org/chebi/CHEBI:12982; CHEBI: http://identifiers.org/chebi/CHEBI:17378; CHEBI: http://identifiers.org/chebi/CHEBI:21025; CHEBI: http://identifiers.org/chebi/CHEBI:39973; CHEBI: http://identifiers.org/chebi/CHEBI:4186; BioCyc: http://identifiers.org/biocyc/META:GLYCERALD; InChI Key: https://identifiers.org/inchikey/MNQZXJOMYWMBOU-VKHMYHEASA-N; MetaNetX (MNX) Chemical: http://identifiers.org/metanetx.chemical/MNXM435; SEED Compound: http://identifiers.org/seed.compound/cpd00448
D-Glycerate 2-phosphate	metabolite	2pg_c	2pg	D-Glycerate 2-phosphate	Carbohydrates & Sugar Derivatives	iNF517; iJB785; Recon3D; iEC1349_Crooks; iLB1027_lipid; iML1515; iYS854; iCHOv1_DG44; iEC1356_Bl21DE3; iEK1008; iAM_Pf480; iIS312; iIS312_Trypomastigote; iIS312_Amastigote; iCN900; iEC1364_W; iYS1720; iEC1368_DH5a; iAM_Pv461; iEC1344_C; iIS312_Epimastigote; iAM_Pk459; iAM_Pb448; iCN718; iSynCJ816; iAM_Pc455; iEC1372_W3110; iJN1463; iECED1_1282; iECABU_c1320; iECB_1328; iEC55989_1330; iECH74115_1262; iECDH1ME8569_1439; iECBD_1354; iECD_1391; iECDH10B_1368; iEcE24377_1341; iEcHS_1320; iEcDH1_1363; iNJ661; iAPECO1_1312; iND750; iSB619; iJN746; iAF1260; iEC042_1314; iSF_1195; iPC815; iE2348C_1286; iJO1366; iBWG_1329; iIT341; iMM904; iB21_1397; ic_1306; iG2583_1286; iECW_1372; iECSP_1301; iEKO11_1354; iS_1188; iECSE_1348; iLF82_1304; iETEC_1333; iECSF_1327; iEcSMS35_1347; iNRG857_1313; iECUMN_1333; iAF987; iYO844; STM_v1_0; iAF1260b; iCHOv1; iRC1080; iHN637; iMM1415; iLJ478; iAB_RBC_283; iAT_PLT_636; iAF692; iJN678; RECON1; iY75_1357; iSDY_1059; iJR904; iSBO_1134; iZ_1308; iYL1228; iWFL_1372; iSbBS512_1146; iUMNK88_1353; iUTI89_1310; iSFV_1184; iUMN146_1321; iSSON_1240; e_coli_core; iSFxv_1172; iECP_1309; iECO111_1330; iECIAI1_1343; iECNA114_1301; iEcolC_1368; iECS88_1305; iECOK1_1307; iECO103_1326; iECs_1301; iECO26_1355; iECIAI39_1322	Reactome Compound: http://identifiers.org/reactome/R-ALL-30485; KEGG Compound: http://identifiers.org/kegg.compound/C00631; CHEBI: http://identifiers.org/chebi/CHEBI:11651; CHEBI: http://identifiers.org/chebi/CHEBI:1267; CHEBI: http://identifiers.org/chebi/CHEBI:12986; CHEBI: http://identifiers.org/chebi/CHEBI:17835; CHEBI: http://identifiers.org/chebi/CHEBI:21028; CHEBI: http://identifiers.org/chebi/CHEBI:24344; CHEBI: http://identifiers.org/chebi/CHEBI:39868; CHEBI: http://identifiers.org/chebi/CHEBI:58289; CHEBI: http://identifiers.org/chebi/CHEBI:88350; InChI Key: https://identifiers.org/inchikey/GXIURPTVHJPJLF-UWTATZPHSA-K; Human Metabolome Database: http://identifiers.org/hmdb/HMDB00362; Human Metabolome Database: http://identifiers.org/hmdb/HMDB03391; Human Metabolome Database: http://identifiers.org/hmdb/HMDB62707; BioCyc: http://identifiers.org/biocyc/META:2-PG; MetaNetX (MNX) Chemical: http://identifiers.org/metanetx.chemical/MNXM275; SEED Compound: http://identifiers.org/seed.compound/cpd00482
D-Mannose 1-phosphate	metabolite	man1p_c	man1p	D-Mannose 1-phosphate	Carbohydrates & Sugar Derivatives	iLF82_1304; iS_1188; iECSF_1327; iG2583_1286; iEcSMS35_1347; iEKO11_1354; iECSP_1301; iNRG857_1313; iECSE_1348; iETEC_1333; iECUMN_1333; iECW_1372; iEC042_1314; ic_1306; iAF1260; iPC815; iMM904; iND750; iJO1366; iE2348C_1286; iNJ661; iIT341; iSB619; iBWG_1329; iAPECO1_1312; iSF_1195; iB21_1397; iMM1415; iRC1080; iAF1260b; iHN637; iAB_RBC_283; STM_v1_0; iJN678; iAF987; iY75_1357; iYL1228; iYO844; iAF692; RECON1; iECS88_1305; iECIAI1_1343; iECIAI39_1322; iECNA114_1301; iECOK1_1307; iECs_1301; iECO26_1355; iECO103_1326; iECP_1309; iEcolC_1368; iECO111_1330; iWFL_1372; iZ_1308; iSFxv_1172; iSBO_1134; iJR904; iUTI89_1310; iSDY_1059; iSSON_1240; iUMNK88_1353; iUMN146_1321; iSbBS512_1146; iSFV_1184; iECED1_1282; iEcE24377_1341; iECB_1328; iECABU_c1320; iECD_1391; iEC55989_1330; iECDH1ME8569_1439; iECDH10B_1368; iEcDH1_1363; iEcHS_1320; iECBD_1354; iECH74115_1262; iLB1027_lipid; iML1515; iEC1356_Bl21DE3; iCHOv1; Recon3D; iJB785; iYS854; iCHOv1_DG44; iEC1349_Crooks; iEK1008; iAM_Pv461; iAM_Pk459; iAM_Pb448; iJN1463; iEC1364_W; iYS1720; iSynCJ816; iEC1368_DH5a; iIS312_Trypomastigote; iCN900; iIS312_Amastigote; iAM_Pf480; iIS312_Epimastigote; iAM_Pc455; iEC1372_W3110; iIS312; iCN718; iEC1344_C	Reactome Compound: http://identifiers.org/reactome/R-ALL-532531; KEGG Compound: http://identifiers.org/kegg.compound/C00636; CHEBI: http://identifiers.org/chebi/CHEBI:10261; CHEBI: http://identifiers.org/chebi/CHEBI:12327; CHEBI: http://identifiers.org/chebi/CHEBI:18205; CHEBI: http://identifiers.org/chebi/CHEBI:21058; CHEBI: http://identifiers.org/chebi/CHEBI:22404; CHEBI: http://identifiers.org/chebi/CHEBI:35374; CHEBI: http://identifiers.org/chebi/CHEBI:4210; CHEBI: http://identifiers.org/chebi/CHEBI:43854; CHEBI: http://identifiers.org/chebi/CHEBI:58409; Human Metabolome Database: http://identifiers.org/hmdb/HMDB01436; Human Metabolome Database: http://identifiers.org/hmdb/HMDB06330; InChI Key: https://identifiers.org/inchikey/HXXFSFRBOHSIMQ-RWOPYEJCSA-L; BioCyc: http://identifiers.org/biocyc/META:MANNOSE-1P; MetaNetX (MNX) Chemical: http://identifiers.org/metanetx.chemical/MNXM721; SEED Compound: http://identifiers.org/seed.compound/cpd00485
Ethanol	metabolite	etoh_p	etoh	Ethanol	Alcohols & Aldehydes	iLF82_1304; iEKO11_1354; iS_1188; iECUMN_1333; iG2583_1286; iECSE_1348; iECSP_1301; iECW_1372; iNRG857_1313; iETEC_1333; iEcSMS35_1347; iECSF_1327; iSFxv_1172; iYL1228; iUMN146_1321; iUMNK88_1353; iUTI89_1310; iSFV_1184; iSbBS512_1146; iZ_1308; iSBO_1134; iSSON_1240; iWFL_1372; iSDY_1059; iEC1349_Crooks; iML1515; iEC1356_Bl21DE3; iY75_1357; iAF987; iAF1260b; STM_v1_0; iECD_1391; iECABU_c1320; iEcE24377_1341; iECDH10B_1368; iECED1_1282; iEcDH1_1363; iEC55989_1330; iEcHS_1320; iECH74115_1262; iECB_1328; iECBD_1354; iECDH1ME8569_1439; iECIAI1_1343; iECNA114_1301; iEcolC_1368; iECOK1_1307; iECO111_1330; iECS88_1305; iECO103_1326; iECP_1309; iECO26_1355; iECIAI39_1322; iECs_1301; iEC1372_W3110; iJN1463; iYS1720; iEC1368_DH5a; iEC1344_C; iEC1364_W; iB21_1397; ic_1306; iEC042_1314; iAPECO1_1312; iPC815; iJO1366; iAF1260; iE2348C_1286; iSF_1195; iBWG_1329	Reactome Compound: http://identifiers.org/reactome/R-ALL-113748; Reactome Compound: http://identifiers.org/reactome/R-ALL-30203; KEGG Compound: http://identifiers.org/kegg.compound/C00469; CHEBI: http://identifiers.org/chebi/CHEBI:14222; CHEBI: http://identifiers.org/chebi/CHEBI:16236; CHEBI: http://identifiers.org/chebi/CHEBI:23978; CHEBI: http://identifiers.org/chebi/CHEBI:30878; CHEBI: http://identifiers.org/chebi/CHEBI:30880; CHEBI: http://identifiers.org/chebi/CHEBI:42377; CHEBI: http://identifiers.org/chebi/CHEBI:44594; CHEBI: http://identifiers.org/chebi/CHEBI:4879; CHEBI: http://identifiers.org/chebi/CHEBI:52092; KEGG Drug: http://identifiers.org/kegg.drug/D00068; KEGG Drug: http://identifiers.org/kegg.drug/D02798; KEGG Drug: http://identifiers.org/kegg.drug/D04855; KEGG Drug: http://identifiers.org/kegg.drug/D06542; Human Metabolome Database: http://identifiers.org/hmdb/HMDB00108; InChI Key: https://identifiers.org/inchikey/LFQSCWFLJHTTHZ-UHFFFAOYSA-N; BioCyc: http://identifiers.org/biocyc/META:ETOH; MetaNetX (MNX) Chemical: http://identifiers.org/metanetx.chemical/MNXM303; SEED Compound: http://identifiers.org/seed.compound/cpd00363
Formaldehyde	metabolite	fald_p	fald	Formaldehyde	Alcohols & Aldehydes	iECOK1_1307; iECO111_1330; iECS88_1305; iECs_1301; iECO103_1326; iEcolC_1368; iECO26_1355; iECNA114_1301; iECIAI1_1343; iECP_1309; iECIAI39_1322; iNRG857_1313; iECSE_1348; iECUMN_1333; iEKO11_1354; iECW_1372; iEcSMS35_1347; iLF82_1304; iECSF_1327; iETEC_1333; iECSP_1301; iS_1188; iG2583_1286; STM_v1_0; iY75_1357; iAF1260b; iAPECO1_1312; iBWG_1329; iPC815; iB21_1397; iJO1366; ic_1306; iE2348C_1286; iSF_1195; iAF1260; iEC042_1314; iUMNK88_1353; iSbBS512_1146; iSBO_1134; iSFxv_1172; iWFL_1372; iUTI89_1310; iYL1228; iSDY_1059; iSFV_1184; iZ_1308; iSSON_1240; iUMN146_1321; iECB_1328; iECH74115_1262; iEcHS_1320; iECD_1391; iEcE24377_1341; iECED1_1282; iECBD_1354; iEcDH1_1363; iECDH1ME8569_1439; iECABU_c1320; iEC55989_1330; iECDH10B_1368; iEC1356_Bl21DE3; iEC1349_Crooks; iML1515; iJN1463; iEC1344_C; iEC1364_W; iEC1372_W3110; iEC1368_DH5a; iYS1720	Reactome Compound: http://identifiers.org/reactome/R-ALL-143501; Reactome Compound: http://identifiers.org/reactome/R-ALL-29478; Reactome Compound: http://identifiers.org/reactome/R-ALL-6797920; Reactome Compound: http://identifiers.org/reactome/R-ALL-879250; KEGG Compound: http://identifiers.org/kegg.compound/C00067; CHEBI: http://identifiers.org/chebi/CHEBI:14274; CHEBI: http://identifiers.org/chebi/CHEBI:16842; CHEBI: http://identifiers.org/chebi/CHEBI:24077; CHEBI: http://identifiers.org/chebi/CHEBI:337763; CHEBI: http://identifiers.org/chebi/CHEBI:5142; KEGG Drug: http://identifiers.org/kegg.drug/D00017; Human Metabolome Database: http://identifiers.org/hmdb/HMDB01426; BioCyc: http://identifiers.org/biocyc/META:CARBONYL-GROUP; BioCyc: http://identifiers.org/biocyc/META:FORMALDEHYDE; MetaNetX (MNX) Chemical: http://identifiers.org/metanetx.chemical/MNXM56; InChI Key: https://identifiers.org/inchikey/WSFSSNUMVMOOMR-UHFFFAOYSA-N; SEED Compound: http://identifiers.org/seed.compound/cpd00055
L-Arabinose	metabolite	arab__L_c	arab__L	L-Arabinose	Carbohydrates & Sugar Derivatives	iSF_1195; iJO1366; iB21_1397; iNJ661; ic_1306; iND750; iPC815; iBWG_1329; iAF1260; iEC042_1314; iAPECO1_1312; iMM904; iE2348C_1286; iECED1_1282; iEcE24377_1341; iEcHS_1320; iEC55989_1330; iECH74115_1262; iECABU_c1320; iEcDH1_1363; iECB_1328; iECD_1391; iECDH10B_1368; iECBD_1354; iECDH1ME8569_1439; iS_1188; iNRG857_1313; iG2583_1286; iEKO11_1354; iECSF_1327; iETEC_1333; iECSP_1301; iEcSMS35_1347; iLF82_1304; iECUMN_1333; iECSE_1348; iECW_1372; iCN900; iJN1463; iEC1344_C; iEC1364_W; iYS1720; iEC1368_DH5a; iCN718; iEC1372_W3110; iYL1228; iSDY_1059; iUTI89_1310; iSBO_1134; iSFxv_1172; iUMNK88_1353; iWFL_1372; iZ_1308; iSFV_1184; iSSON_1240; iUMN146_1321; iSbBS512_1146; iJR904; iECO111_1330; iECOK1_1307; iEcolC_1368; iECO103_1326; iECS88_1305; iECIAI39_1322; iECP_1309; iECs_1301; iECIAI1_1343; iECNA114_1301; iECO26_1355; iHN637; iRC1080; RECON1; STM_v1_0; iYO844; iMM1415; iAF1260b; iLJ478; iY75_1357; iCHOv1; iCHOv1_DG44; Recon3D; iEC1349_Crooks; iEK1008; iML1515; iEC1356_Bl21DE3; iYS854	KEGG Compound: http://identifiers.org/kegg.compound/C11476; CHEBI: http://identifiers.org/chebi/CHEBI:6182; BioCyc: http://identifiers.org/biocyc/META:CPD-15699; BioCyc: http://identifiers.org/biocyc/META:L-ARABINOSE; MetaNetX (MNX) Chemical: http://identifiers.org/metanetx.chemical/MNXM91126; InChI Key: https://identifiers.org/inchikey/PYMYPHUHKUWMLA-VAYJURFESA-N; SEED Compound: http://identifiers.org/seed.compound/cpd19109; SEED Compound: http://identifiers.org/seed.compound/cpd27351
Methanol	metabolite	meoh_e	meoh	Methanol	Alcohols & Aldehydes	iECW_1372; iEcSMS35_1347; iETEC_1333; iS_1188; iECSF_1327; iG2583_1286; iECUMN_1333; iLF82_1304; iECSP_1301; iEKO11_1354; iNRG857_1313; iZ_1308; iUMN146_1321; iSFxv_1172; iUMNK88_1353; iSFV_1184; iSbBS512_1146; iSBO_1134; iSSON_1240; iSDY_1059; iUTI89_1310; iWFL_1372; iEK1008; iEC1364_W; Recon3D; iJB785; iCHOv1; iEC1349_Crooks; iCHOv1_DG44; iML1515; iEC1356_Bl21DE3; iMM1415; RECON1; iAF987; iYO844; iY75_1357; iAF692; iECDH10B_1368; iEcE24377_1341; iECB_1328; iECED1_1282; iEcDH1_1363; iECABU_c1320; iECH74115_1262; iECD_1391; iECBD_1354; iEC55989_1330; iECDH1ME8569_1439; iEcHS_1320; iECO103_1326; iECS88_1305; iECNA114_1301; iECIAI39_1322; iECO26_1355; iECIAI1_1343; iECOK1_1307; iECO111_1330; iECP_1309; iECSE_1348; iEcolC_1368; iECs_1301; iEC1368_DH5a; iEC1372_W3110; iEC1344_C; iJN1463; iNJ661; iE2348C_1286; ic_1306; iEC042_1314; iBWG_1329; iJO1366; iAPECO1_1312; iSF_1195; iB21_1397	Reactome Compound: http://identifiers.org/reactome/R-ALL-5359061; Reactome Compound: http://identifiers.org/reactome/R-ALL-5693711; KEGG Compound: http://identifiers.org/kegg.compound/C00132; CHEBI: http://identifiers.org/chebi/CHEBI:14588; CHEBI: http://identifiers.org/chebi/CHEBI:17790; CHEBI: http://identifiers.org/chebi/CHEBI:25227; CHEBI: http://identifiers.org/chebi/CHEBI:44080; CHEBI: http://identifiers.org/chebi/CHEBI:44553; CHEBI: http://identifiers.org/chebi/CHEBI:52090; CHEBI: http://identifiers.org/chebi/CHEBI:6816; KEGG Drug: http://identifiers.org/kegg.drug/D02309; Human Metabolome Database: http://identifiers.org/hmdb/HMDB01875; BioCyc: http://identifiers.org/biocyc/META:ALCOHOL-GROUP; BioCyc: http://identifiers.org/biocyc/META:METOH; MetaNetX (MNX) Chemical: http://identifiers.org/metanetx.chemical/MNXM157; InChI Key: https://identifiers.org/inchikey/OKKJLVBELUTLKV-UHFFFAOYSA-N; SEED Compound: http://identifiers.org/seed.compound/cpd00116
N-Acetyl-D-mannosamine	metabolite	acmana_c	acmana	N-Acetyl-D-mannosamine	Carbohydrates & Sugar Derivatives	iCN900; iEC1368_DH5a; iCN718; iEC1372_W3110; iSynCJ816; iEC1344_C; iYS1720; iECSP_1301; iEKO11_1354; iEcSMS35_1347; iG2583_1286; iLF82_1304; iETEC_1333; iECSE_1348; iECSF_1327; iNRG857_1313; iS_1188; iECW_1372; iECUMN_1333; iUMN146_1321; iUMNK88_1353; iWFL_1372; iSbBS512_1146; iZ_1308; iSDY_1059; iSSON_1240; iUTI89_1310; iSFV_1184; iJR904; iSFxv_1172; iSBO_1134; iEcDH1_1363; iECB_1328; iECDH10B_1368; iECD_1391; iECDH1ME8569_1439; iECBD_1354; iECED1_1282; iEcE24377_1341; iEC55989_1330; iECABU_c1320; iECH74115_1262; iEcHS_1320; STM_v1_0; iAF987; iMM1415; iAF692; iYO844; iAB_RBC_283; iAF1260b; iCHOv1; iHN637; iY75_1357; iJN678; RECON1; iEC1364_W; iML1515; iCHOv1_DG44; Recon3D; iYS854; iEC1349_Crooks; iEC1356_Bl21DE3; iECP_1309; iECOK1_1307; iECO111_1330; iECS88_1305; iEcolC_1368; iECIAI1_1343; iECNA114_1301; iECIAI39_1322; iECs_1301; iECO103_1326; iECO26_1355; iAPECO1_1312; iBWG_1329; iPC815; iEC042_1314; iE2348C_1286; iJO1366; iSB619; iSF_1195; iB21_1397; iAF1260; ic_1306	Reactome Compound: http://identifiers.org/reactome/R-ALL-4085214; KEGG Compound: http://identifiers.org/kegg.compound/C00645; CHEBI: http://identifiers.org/chebi/CHEBI:12459; CHEBI: http://identifiers.org/chebi/CHEBI:12573; CHEBI: http://identifiers.org/chebi/CHEBI:17122; CHEBI: http://identifiers.org/chebi/CHEBI:21538; CHEBI: http://identifiers.org/chebi/CHEBI:58019; CHEBI: http://identifiers.org/chebi/CHEBI:63153; CHEBI: http://identifiers.org/chebi/CHEBI:7141; Human Metabolome Database: http://identifiers.org/hmdb/HMDB62724; InChI Key: https://identifiers.org/inchikey/MBLBDJOUHNCFQT-XAMCCFCMSA-N; BioCyc: http://identifiers.org/biocyc/META:N-acetyl-D-mannosamine; MetaNetX (MNX) Chemical: http://identifiers.org/metanetx.chemical/MNXM2403; SEED Compound: http://identifiers.org/seed.compound/cpd00492
Staphyloferrin B	metabolite	stfrnB_e	stfrnB	Staphyloferrin B	Other class	iYS854	